Age,Credit amount,Duration,Job_1,Job_2,Job_3,Sex_male,Housing_own,Housing_rent,Saving accounts_1,Saving accounts_2,Saving accounts_3,Checking account_1,Checking account_2,Purpose_car,Purpose_domestic appliances,Purpose_education,Purpose_furniture/equipment,Purpose_radio/TV,Purpose_repairs,Purpose_vacation/others,Risk_True
2.267,-0.441,-1.0,0,1,0,1,1,0,0,0,0,0,0,0,0,0,0,1,0,0,0
-0.733,1.393,2.5,0,1,0,0,1,0,0,0,0,1,0,0,0,0,0,1,0,0,1
1.067,-0.086,-0.5,1,0,0,1,1,0,0,0,0,0,0,0,0,1,0,0,0,0,0
0.8,2.134,2.0,0,1,0,1,0,0,0,0,0,0,0,0,0,0,1,0,0,0,0
1.333,0.978,0.5,0,1,0,1,0,0,0,0,0,0,0,1,0,0,0,0,0,0,1
0.133,2.584,1.5,1,0,0,1,0,0,0,0,0,1,0,0,0,1,0,0,0,0,0
1.333,0.198,0.5,0,1,0,1,1,0,0,1,0,1,0,0,0,0,1,0,0,0,0
0.133,1.776,1.5,0,0,1,1,0,1,0,0,0,1,0,1,0,0,0,0,0,0,0
1.867,0.284,-0.5,1,0,0,1,1,0,0,0,1,1,0,0,0,0,0,1,0,0,0
-0.333,1.118,1.0,0,0,1,1,1,0,0,0,0,1,0,1,0,0,0,0,0,0,1
-0.533,-0.393,-0.5,0,1,0,0,0,1,0,0,0,1,0,1,0,0,0,0,0,0,1
-0.6,0.763,2.5,0,1,0,0,0,1,0,0,0,0,0,0,0,0,0,0,0,0,1
-0.733,-0.289,-0.5,0,1,0,0,1,0,0,0,0,1,0,0,0,0,0,1,0,0,0
1.8,-0.43,0.5,1,0,0,1,1,0,0,0,0,0,0,1,0,0,0,0,0,0,1
-0.333,-0.352,-0.25,0,1,0,0,0,1,0,0,0,0,0,1,0,0,0,0,0,0,0
-0.067,-0.398,0.5,1,0,0,0,1,0,1,0,0,0,0,0,0,0,0,1,0,0,1
1.333,0.04,0.5,0,1,0,1,1,0,0,0,0,1,0,0,0,0,0,1,0,0,0
-0.533,2.207,1.0,0,1,0,1,1,0,0,0,0,0,0,0,0,0,0,0,0,0,0
0.733,3.936,0.5,0,0,1,0,0,0,0,0,0,1,0,1,0,0,0,0,0,0,1
-0.133,0.426,0.5,0,1,0,1,1,0,0,1,0,1,0,0,0,0,0,1,0,0,0
1.0,-0.071,-0.75,0,1,0,1,1,0,0,0,0,0,0,1,0,0,0,0,0,0,0
0.733,0.126,-1.0,0,1,0,1,0,1,0,1,0,0,0,0,0,0,0,1,0,0,0
1.0,-0.03,-0.667,1,0,0,1,0,1,0,0,0,0,0,1,0,0,0,0,0,0,0
0.733,-0.198,-0.5,0,1,0,1,1,0,1,0,0,1,0,1,0,0,0,0,0,0,0
-0.467,-0.096,-0.667,0,1,0,1,1,0,0,0,0,1,0,0,0,0,1,0,0,0,0
0.2,-0.363,-1.0,1,0,0,1,1,0,0,0,0,0,0,0,0,0,1,0,0,0,0
0.4,-0.726,-1.0,1,0,0,1,1,0,0,0,0,0,0,0,0,0,0,1,0,0,0
0.6,-0.733,-0.5,0,1,0,0,0,1,0,0,1,0,1,0,0,0,0,1,0,0,0
0.067,0.037,-0.917,0,1,0,1,1,0,0,0,0,1,0,0,0,0,0,1,0,0,0
2.0,1.733,3.5,0,1,0,1,1,0,0,0,0,0,0,0,0,0,0,0,0,0,1
0.2,-0.156,0.0,0,1,0,1,1,0,0,0,1,1,0,0,0,0,0,0,0,0,0
-0.4,0.652,0.5,0,1,0,1,1,0,0,0,0,0,0,0,0,0,1,0,0,0,0
-0.2,1.361,0.0,0,1,0,1,1,0,1,0,0,1,0,1,0,0,0,0,0,0,0
1.6,-0.405,-0.5,1,0,0,1,0,1,0,0,0,1,0,0,0,0,0,0,0,0,0
0.0,-0.324,-0.5,0,0,1,0,1,0,0,0,0,0,1,0,0,0,1,0,0,0,0
-0.533,0.931,2.25,1,0,0,1,1,0,0,0,0,1,0,0,0,0,0,1,0,0,1
-0.133,1.454,2.5,0,1,0,1,0,0,0,0,0,0,0,0,0,1,0,0,0,0,0
0.267,-0.084,0.0,0,1,0,1,1,0,0,0,0,0,1,0,0,0,0,1,0,0,1
0.267,-0.42,-0.667,0,1,0,1,1,0,0,0,0,0,1,0,1,0,0,0,0,0,0
-0.6,-0.714,-0.75,0,1,0,1,1,0,0,0,0,1,0,0,0,0,0,1,0,0,0
-0.2,0.005,1.0,0,0,1,1,1,0,0,1,0,1,0,0,0,0,0,1,0,0,0
-0.467,-0.446,-0.5,0,1,0,1,1,0,0,1,0,1,0,0,0,0,0,1,0,0,0
0.733,1.49,0.0,1,0,0,1,1,0,0,0,0,1,0,0,0,0,0,0,1,0,0
-0.6,1.484,1.0,0,1,0,1,0,1,1,0,0,0,0,1,0,0,0,0,0,0,0
1.667,1.467,2.5,1,0,0,0,0,0,0,0,0,0,0,1,0,0,0,0,0,0,1
0.133,-0.355,-0.583,0,0,1,0,1,0,0,0,0,0,0,1,0,0,0,0,0,0,0
0.4,-0.008,1.5,0,1,0,1,1,0,0,1,0,1,0,0,0,0,0,1,0,0,0
-0.667,-0.371,-1.0,0,0,0,0,0,1,0,1,0,0,0,1,0,0,0,0,0,0,0
0.4,1.883,-0.583,1,0,0,1,1,0,0,0,0,0,0,1,0,0,0,0,0,0,0
-0.333,-0.095,-0.5,0,1,0,0,1,0,1,0,0,1,0,0,0,0,0,1,0,0,0
-0.267,0.005,0.5,1,0,0,1,1,0,0,0,0,1,0,0,0,0,1,0,0,0,0
-0.2,1.398,0.75,0,0,1,1,1,0,0,0,0,1,0,1,0,0,0,0,0,0,0
-0.533,-0.406,-0.5,0,1,0,1,1,0,0,0,0,0,0,0,0,0,0,1,0,0,0
-0.133,0.406,0.0,0,1,0,1,1,0,0,0,0,1,0,1,0,0,0,0,0,0,0
1.6,-0.036,1.5,0,1,0,1,0,0,0,0,0,1,0,1,0,0,0,0,0,0,1
-0.467,-0.589,-1.0,1,0,0,1,1,0,0,0,0,1,0,1,0,0,0,0,0,0,0
1.267,1.591,-0.5,0,0,1,1,1,0,0,0,0,1,0,0,0,0,0,1,0,0,1
-0.133,2.78,1.5,0,1,0,0,1,0,0,0,0,0,0,0,0,0,0,1,0,0,0
-0.667,-0.138,0.0,0,0,1,0,1,0,0,0,0,0,1,1,0,0,0,0,0,0,0
-0.667,1.5,1.5,1,0,0,0,0,1,0,0,0,0,0,0,0,0,1,0,0,0,1
-0.4,-0.356,-0.75,0,1,0,1,1,0,0,0,0,1,0,0,0,0,0,0,0,0,0
1.133,-0.3,-0.25,0,1,0,1,1,0,0,0,0,1,0,0,0,0,0,1,0,0,0
1.867,-0.141,1.5,0,0,1,1,0,0,0,0,0,1,0,0,0,0,0,0,0,0,1
-0.533,4.642,2.5,0,1,0,1,1,0,0,0,0,1,0,0,0,0,0,0,0,0,1
-0.467,0.33,0.5,0,1,0,0,1,0,0,0,0,0,0,0,0,0,0,1,0,0,0
1.0,1.101,0.75,0,1,0,1,1,0,0,0,0,1,0,0,0,0,0,0,1,0,0
-0.267,-0.057,-0.5,0,1,0,0,1,0,0,0,0,0,0,0,0,0,0,1,0,0,0
-0.733,-0.504,-0.5,0,1,0,1,1,0,0,0,1,1,0,1,0,0,0,0,0,0,0
0.267,-0.192,1.5,0,1,0,1,0,0,0,0,0,0,0,0,0,1,0,0,0,0,1
-0.533,0.029,1.5,0,1,0,0,1,0,0,0,0,1,0,0,0,0,0,1,0,0,0
-0.2,2.23,1.5,0,1,0,0,1,0,0,0,0,0,0,1,0,0,0,0,0,0,0
0.867,-0.61,-0.917,1,0,0,1,0,1,0,0,0,1,0,0,0,0,0,1,0,0,0
1.2,-0.443,-0.833,0,0,1,1,0,0,0,0,0,0,0,0,0,0,0,0,0,1,0
0.533,1.394,2.0,1,0,0,0,1,0,0,0,0,1,0,0,0,0,0,0,0,0,0
0.467,-0.131,1.5,0,0,1,1,1,0,0,0,0,0,0,0,0,1,0,0,0,0,1
2.2,-0.304,-0.5,0,0,1,1,0,0,0,0,0,0,0,1,0,0,0,0,0,0,0
0.067,0.631,2.0,0,1,0,1,1,0,0,0,0,0,0,0,0,0,0,1,0,0,1
1.2,0.94,-0.583,0,1,0,1,1,0,0,0,0,1,0,0,0,0,0,1,0,0,0
0.4,2.73,3.0,1,0,0,1,1,0,0,0,0,1,0,1,0,0,0,0,0,0,0
-0.733,0.58,1.0,0,1,0,1,1,0,0,0,0,1,0,0,0,0,1,0,0,0,0
0.733,1.39,0.5,0,1,0,0,1,0,0,0,0,1,0,0,0,0,0,1,0,0,1
0.933,-0.424,-0.25,0,1,0,1,1,0,0,1,0,1,0,0,0,0,0,1,0,0,0
-0.6,-0.288,0.0,1,0,0,0,0,1,1,0,0,1,0,0,0,0,0,0,0,0,0
1.667,-0.217,0.5,1,0,0,0,1,0,0,0,0,0,0,0,0,0,0,0,0,1,0
1.267,-0.002,-0.667,1,0,0,1,1,0,0,0,0,0,0,0,0,0,0,1,0,0,0
-0.267,-0.348,-0.5,0,0,1,0,1,0,0,0,0,0,0,0,0,0,0,0,0,0,0
-0.4,-0.393,0.0,0,1,0,0,1,0,0,0,0,1,0,0,0,0,1,0,0,0,0
0.933,3.948,1.5,0,1,0,1,0,0,1,0,0,1,0,0,0,1,0,0,0,0,1
-0.2,-0.027,0.0,0,0,1,1,1,0,1,0,0,0,0,1,0,0,0,0,0,0,0
-0.333,-0.465,-0.5,0,1,0,1,1,0,0,0,0,0,0,0,0,0,0,0,1,0,1
1.533,-0.653,-0.5,0,1,0,1,1,0,0,0,0,0,0,0,0,0,0,1,0,0,0
1.4,-0.349,-0.5,0,1,0,1,1,0,0,0,0,0,0,1,0,0,0,0,0,0,0
0.0,-0.584,-0.5,1,0,0,0,1,0,0,0,0,1,0,0,0,0,0,1,0,0,1
-0.867,0.498,0.5,0,1,0,1,0,1,0,0,0,0,1,0,0,0,1,0,0,0,0
1.4,-0.384,-0.5,0,1,0,1,1,0,0,0,1,1,0,1,0,0,0,0,0,0,0
1.667,5.227,3.0,0,1,0,1,0,1,0,0,0,1,0,0,0,0,0,0,0,0,1
1.867,-0.118,-0.5,0,1,0,0,1,0,0,0,0,1,0,0,0,1,0,0,0,0,0
0.067,0.116,0.0,0,1,0,1,1,0,1,0,0,1,0,0,0,0,0,0,0,0,0
0.2,0.007,1.5,0,1,0,1,1,0,0,0,0,1,0,0,0,0,0,1,0,0,0
0.2,1.817,0.167,0,0,1,1,0,1,0,0,0,1,0,1,0,0,0,0,0,0,0
0.533,-0.326,0.5,1,0,0,1,0,1,1,0,0,1,0,1,0,0,0,0,0,0,0
-0.6,0.001,1.5,0,1,0,1,0,1,0,0,0,1,0,0,0,0,0,1,0,0,0
-0.6,-0.532,-1.0,0,1,0,0,1,0,0,0,0,0,0,0,0,0,0,1,0,0,0
0.133,-0.154,-0.75,0,1,0,1,0,1,0,0,0,1,0,0,0,0,1,0,0,0,0
-0.467,0.048,-0.5,0,1,0,1,0,1,0,0,0,1,0,1,0,0,0,0,0,0,0
0.4,3.69,0.5,0,0,1,1,1,0,0,0,0,1,0,0,0,0,0,0,0,1,1
0.4,1.588,0.0,0,0,1,1,1,0,0,0,0,0,0,1,0,0,0,0,0,0,1
-0.067,1.442,-0.5,0,1,0,1,1,0,0,0,0,1,0,1,0,0,0,0,0,0,0
-0.2,2.072,0.5,0,1,0,0,1,0,0,0,0,0,0,0,0,0,1,0,0,0,0
0.133,-0.349,-0.333,0,1,0,1,1,0,0,1,0,1,0,0,0,0,0,0,0,0,0
-0.133,-0.334,-1.0,0,1,0,1,1,0,1,0,0,1,0,0,0,0,0,0,0,0,0
-0.667,-0.739,-0.25,0,1,0,0,0,1,0,0,0,0,1,0,0,1,0,0,0,0,0
-0.333,1.512,0.0,1,0,0,1,0,1,0,0,0,1,0,1,0,0,0,0,0,0,0
-0.533,2.124,1.5,0,1,0,0,1,0,0,0,0,0,0,1,0,0,0,0,0,0,1
0.133,-0.245,-0.5,0,1,0,1,1,0,0,1,0,0,0,0,0,0,0,1,0,0,0
0.933,0.483,2.5,0,1,0,1,1,0,0,0,0,1,0,0,0,0,0,1,0,0,0
-0.2,1.862,2.0,0,0,1,0,1,0,0,0,0,0,0,0,0,0,0,1,0,0,1
-0.4,-0.072,-0.667,0,1,0,0,0,1,0,0,0,0,0,0,0,0,1,0,0,0,0
-0.667,0.752,1.25,0,1,0,0,1,0,0,1,0,0,0,0,0,0,1,0,0,0,1
0.2,0.018,-0.5,0,0,1,1,1,0,0,1,0,1,0,1,0,0,0,0,0,0,0
-0.533,-0.186,0.25,0,1,0,0,1,0,0,0,0,0,0,0,0,0,0,1,0,0,1
0.533,0.594,0.5,0,0,1,0,0,1,0,0,0,0,0,1,0,0,0,0,0,0,0
-0.6,-0.212,-0.5,1,0,0,1,0,1,0,0,0,0,0,0,0,0,1,0,0,0,0
2.0,-0.59,-0.667,0,1,0,1,0,0,0,0,0,0,1,1,0,0,0,0,0,0,0
-0.4,-0.152,0.0,0,1,0,0,0,1,0,0,0,1,0,0,0,0,1,0,0,0,1
-0.2,-0.076,-0.5,0,1,0,1,1,0,0,0,0,0,0,1,0,0,0,0,0,0,0
0.467,-0.621,-0.5,1,0,0,1,1,0,0,0,0,0,0,0,0,0,0,1,0,0,0
-0.2,-0.645,-0.5,0,1,0,1,1,0,0,0,0,1,0,0,0,0,0,0,1,0,1
0.067,-0.176,-0.5,0,0,1,1,1,0,0,0,0,1,0,1,0,0,0,0,0,0,0
-0.267,0.452,-0.5,0,1,0,0,1,0,0,0,0,0,0,1,0,0,0,0,0,0,1
-0.6,2.366,2.5,0,1,0,0,1,0,0,0,0,1,0,1,0,0,0,0,0,0,0
-0.267,1.752,1.5,0,1,0,1,1,0,0,0,0,0,0,0,0,1,0,0,0,0,1
-0.4,0.149,-0.25,1,0,0,1,1,0,0,0,0,0,0,0,0,0,1,0,0,0,0
0.933,-0.129,0.0,0,1,0,1,0,0,0,0,0,0,0,0,0,0,1,0,0,0,0
-0.8,3.002,3.5,0,1,0,0,1,0,1,0,0,1,0,0,0,0,0,1,0,0,0
0.333,-0.414,-0.5,0,1,0,0,1,0,0,0,0,1,0,0,0,0,0,1,0,0,0
-0.4,2.414,0.75,0,1,0,1,1,0,0,0,1,1,0,1,0,0,0,0,0,0,0
2.2,-0.596,-0.5,1,0,0,1,1,0,0,1,0,1,0,0,0,0,0,1,0,0,1
0.133,0.157,-0.25,0,1,0,1,1,0,0,0,0,1,0,0,0,0,0,1,0,0,0
0.733,-0.168,-0.5,1,0,0,0,0,1,0,0,0,0,1,0,0,0,0,1,0,0,0
-0.4,-0.618,-1.0,0,0,0,1,1,0,0,0,1,0,1,1,0,0,0,0,0,0,0
-0.2,0.95,1.5,0,0,1,0,1,0,0,0,0,1,0,0,0,0,0,1,0,0,0
-0.4,0.421,0.75,0,0,1,1,1,0,0,0,0,0,0,0,0,0,0,1,0,0,0
-0.733,0.055,0.0,0,1,0,1,1,0,0,0,0,0,0,0,0,0,1,0,0,0,1
-0.667,-0.012,0.25,0,1,0,0,1,0,0,0,0,0,0,0,0,0,1,0,0,0,0
-0.2,0.478,2.5,0,1,0,1,1,0,1,0,0,1,0,0,0,0,0,0,0,0,0
0.4,-0.56,-1.0,0,1,0,0,1,0,0,0,0,0,0,1,0,0,0,0,0,0,0
1.2,-0.628,-0.5,0,1,0,0,1,0,1,0,0,1,0,1,0,0,0,0,0,0,0
-0.333,1.171,1.5,0,1,0,1,1,0,0,0,0,0,0,0,0,0,1,0,0,0,0
0.867,-0.283,0.0,0,1,0,1,1,0,0,0,1,1,0,0,0,0,0,1,0,0,0
0.6,-0.373,-1.0,0,1,0,1,0,0,1,0,0,1,0,0,0,0,0,1,0,0,0
0.333,-0.152,-0.667,0,1,0,1,1,0,0,0,0,0,0,0,0,0,0,1,0,0,0
-0.6,1.354,1.5,0,1,0,1,1,0,0,0,0,0,1,0,0,0,0,1,0,0,0
-0.267,2.086,0.5,0,1,0,0,0,1,0,0,1,1,0,1,0,0,0,0,0,0,0
0.2,1.783,0.5,0,0,1,1,0,1,1,0,0,1,0,0,0,0,0,0,0,0,0
-0.867,-0.398,-0.5,0,1,0,0,0,1,0,0,0,0,0,0,0,0,1,0,0,0,1
1.0,-0.396,-0.75,0,1,0,1,1,0,1,0,0,0,0,0,0,0,0,0,1,0,0
0.8,-0.76,-0.5,1,0,0,1,1,0,0,0,0,0,0,0,0,1,0,0,0,0,0
0.333,0.457,0.5,0,1,0,1,1,0,1,0,0,1,0,1,0,0,0,0,0,0,0
0.067,-0.162,-1.0,1,0,0,1,1,0,0,0,0,1,0,0,0,0,0,1,0,0,0
0.2,0.212,0.5,0,1,0,1,1,0,1,0,0,1,0,0,0,0,0,1,0,0,0
-0.2,-0.485,0.0,0,1,0,0,1,0,0,0,0,0,0,1,0,0,0,0,0,0,0
0.2,-0.406,-0.25,0,1,0,1,1,0,0,1,0,1,0,0,1,0,0,0,0,0,0
2.467,1.914,-0.667,0,0,1,1,0,0,0,0,0,1,0,1,0,0,0,0,0,0,0
0.2,-0.541,1.5,0,1,0,1,1,0,0,1,0,1,0,1,0,0,0,0,0,0,0
-0.067,0.253,-1.0,0,1,0,1,1,0,0,1,0,1,0,0,0,0,1,0,0,0,0
0.0,-0.456,0.0,0,1,0,0,1,0,0,0,0,0,0,0,0,0,1,0,0,0,1
-0.867,-0.285,-0.583,0,1,0,0,1,0,0,0,1,1,0,0,0,0,1,0,0,0,0
-0.533,0.634,0.5,0,1,0,0,0,1,0,0,0,0,0,0,0,0,1,0,0,0,0
-0.133,-0.148,0.5,0,1,0,1,1,0,0,0,0,1,0,0,0,0,0,0,0,0,1
0.0,-0.525,-0.25,0,1,0,1,0,1,0,0,0,0,0,1,0,0,0,0,0,0,1
-0.467,-0.597,-0.5,0,1,0,0,1,0,0,0,0,0,0,0,0,0,1,0,0,0,0
0.067,-0.098,0.5,0,0,1,0,1,0,0,0,0,1,0,0,0,0,1,0,0,0,1
0.0,-0.347,-0.833,0,1,0,1,1,0,0,0,0,1,0,0,0,0,0,1,0,0,0
-0.467,0.42,0.25,0,1,0,1,1,0,0,0,0,0,0,0,0,1,0,0,0,0,1
1.333,1.982,1.0,0,0,1,0,1,0,0,0,0,1,0,1,0,0,0,0,0,0,1
0.6,0.099,-0.5,0,1,0,1,1,0,0,0,0,0,0,0,0,0,1,0,0,0,0
1.267,-0.76,-1.0,0,1,0,1,1,0,0,1,0,0,0,0,0,0,0,1,0,0,0
-0.133,-0.137,-0.5,0,0,1,1,0,1,0,0,0,0,0,0,0,0,0,1,0,0,0
2.133,-0.671,0.25,0,1,0,1,1,0,0,0,0,0,0,1,0,0,0,0,0,0,0
-0.333,2.782,1.5,0,1,0,1,1,0,0,0,0,0,0,0,0,0,0,0,0,0,1
-0.2,0.819,1.5,0,0,1,1,1,0,0,0,0,1,0,0,0,0,0,0,0,0,1
0.467,-0.258,0.25,1,0,0,1,1,0,0,0,0,0,0,1,0,0,0,0,0,0,1
1.133,0.559,0.5,0,1,0,1,1,0,0,0,1,1,0,0,0,0,1,0,0,0,0
0.2,-0.551,0.0,0,1,0,1,1,0,0,0,0,1,0,1,0,0,0,0,0,0,1
-0.133,-0.368,-0.25,0,1,0,1,1,0,0,0,0,0,0,0,0,0,0,1,0,0,0
2.733,1.078,-0.75,0,0,1,0,0,0,0,0,0,1,0,1,0,0,0,0,0,0,1
2.333,-0.439,-0.167,0,0,0,1,0,0,0,0,0,1,0,1,0,0,0,0,0,0,0
-0.867,-0.631,-0.5,0,1,0,1,1,0,1,0,0,0,0,0,0,0,0,1,0,0,1
0.0,0.355,0.0,0,1,0,0,1,0,0,0,0,1,0,0,0,0,1,0,0,0,0
1.4,0.871,0.5,0,0,1,1,1,0,0,0,1,1,0,0,0,0,0,0,0,0,1
0.067,0.585,2.5,1,0,0,1,0,0,1,0,0,1,0,0,0,0,0,0,0,0,1
0.2,0.612,0.75,0,1,0,1,1,0,0,0,0,1,0,0,0,0,0,0,0,0,1
-0.267,-0.081,-1.0,0,1,0,1,0,1,0,0,0,0,0,0,0,0,0,1,0,0,0
-0.8,0.273,2.25,0,1,0,1,0,1,1,0,0,1,0,0,0,0,0,1,0,0,1
0.067,-0.314,-0.75,0,0,1,0,1,0,0,0,0,1,0,0,0,1,0,0,0,0,1
-0.333,-0.36,-1.0,0,1,0,0,1,0,0,0,0,0,0,0,0,0,0,1,0,0,0
-0.4,-0.525,-0.5,0,1,0,0,0,1,1,0,0,1,0,0,0,0,1,0,0,0,1
0.2,0.169,0.5,0,1,0,1,0,0,0,0,0,1,0,1,0,0,0,0,0,0,0
0.467,0.759,0.0,0,0,1,1,1,0,0,0,0,1,0,0,0,0,1,0,0,0,1
1.267,-0.531,-0.75,0,1,0,1,1,0,0,1,0,1,0,0,0,1,0,0,0,0,0
-0.4,-0.442,-0.5,1,0,0,1,1,0,0,0,0,0,0,1,0,0,0,0,0,0,0
-0.467,1.073,0.75,0,1,0,1,1,0,0,0,0,0,0,0,0,0,0,0,0,0,0
-0.8,-0.544,-0.5,0,1,0,1,0,1,0,0,0,0,0,0,0,1,0,0,0,0,1
0.333,-0.316,-0.5,1,0,0,1,1,0,0,0,0,0,0,1,0,0,0,0,0,0,0
0.333,3.185,1.0,0,0,1,1,0,0,0,0,0,0,0,1,0,0,0,0,0,0,0
0.667,-0.148,-0.5,0,1,0,1,1,0,0,0,0,0,0,0,0,0,1,0,0,0,0
-0.467,-0.344,-0.5,0,1,0,1,1,0,0,0,0,1,0,0,1,0,0,0,0,0,0
-0.8,1.63,0.5,1,0,0,1,1,0,0,0,0,0,0,0,0,0,0,0,0,0,0
1.467,-0.348,-0.5,0,1,0,1,1,0,0,0,1,1,0,1,0,0,0,0,0,0,0
0.0,0.289,-0.75,0,1,0,1,1,0,0,0,0,1,0,0,0,0,0,1,0,0,0
0.8,0.581,1.5,1,0,0,0,1,0,0,0,0,1,0,0,0,0,0,1,0,0,0
1.133,1.141,0.75,0,1,0,1,1,0,0,0,0,0,0,0,0,0,0,0,0,0,1
2.2,-0.158,1.0,0,0,1,1,1,0,0,0,0,0,1,0,0,0,0,0,0,0,1
1.2,0.392,1.5,0,1,0,1,1,0,0,0,0,1,0,0,0,0,0,1,0,0,0
0.4,-0.532,-1.0,1,0,0,0,1,0,0,0,0,1,0,0,0,1,0,0,0,0,0
-0.133,0.301,0.0,0,1,0,1,1,0,0,0,0,0,0,0,0,0,0,0,0,0,0
-0.667,0.611,1.5,0,1,0,1,1,0,0,0,0,0,1,0,0,0,0,1,0,0,0
-0.6,0.269,0.5,1,0,0,1,0,1,0,0,0,0,0,0,0,0,1,0,0,0,0
2.067,-0.367,-0.667,0,1,0,0,1,0,0,0,0,0,0,1,0,0,0,0,0,0,0
-0.467,-0.65,-0.5,1,0,0,1,1,0,0,0,0,1,0,0,0,0,0,1,0,0,0
-0.667,-0.429,-0.5,0,1,0,0,0,1,0,0,0,0,0,0,0,1,0,0,0,0,0
-0.2,-0.619,-0.5,0,1,0,1,1,0,0,0,0,0,0,0,0,0,0,1,0,0,0
-0.067,0.253,0.5,0,1,0,1,1,0,0,0,0,1,0,0,0,0,0,0,0,0,0
-0.2,0.897,-0.25,0,1,0,1,1,0,0,0,0,0,0,1,0,0,0,0,0,0,0
-0.4,0.113,1.5,0,1,0,1,1,0,0,0,0,0,0,0,0,0,0,0,1,0,0
-0.4,3.315,2.5,0,1,0,1,1,0,0,0,1,1,0,0,0,0,0,1,0,0,1
1.333,2.127,-0.5,0,0,1,1,0,0,0,0,0,0,0,0,0,0,1,0,0,0,1
-0.733,-0.323,-0.75,0,1,0,1,1,0,0,0,0,0,0,0,0,0,0,1,0,0,1
-0.733,0.318,0.5,0,1,0,1,0,0,0,0,0,0,0,0,0,0,1,0,0,0,0
-0.467,0.725,1.5,0,1,0,1,1,0,0,0,0,0,1,0,0,0,0,1,0,0,1
1.2,0.072,-0.75,1,0,0,1,0,0,0,1,0,1,0,1,0,0,0,0,0,0,0
0.133,-0.068,-0.5,0,1,0,1,1,0,1,0,0,1,0,0,0,0,0,1,0,0,0
-0.533,-0.558,0.0,1,0,0,1,1,0,0,0,0,1,0,0,0,0,0,1,0,0,0
0.6,-0.297,-1.167,1,0,0,1,1,0,0,0,0,0,0,0,0,0,0,1,0,0,0
-0.2,-0.19,0.5,0,0,1,1,1,0,0,0,0,0,0,0,0,0,0,1,0,0,1
-0.667,4.694,-1.0,0,0,0,1,1,0,0,0,0,1,0,1,0,0,0,0,0,0,1
1.867,0.172,0.25,1,0,0,1,0,1,1,0,0,1,0,0,0,0,0,0,0,0,1
0.133,-0.395,-0.5,0,1,0,0,1,0,0,0,0,0,0,0,0,0,0,1,0,0,0
0.4,0.078,1.0,0,1,0,1,1,0,0,0,0,0,0,0,0,0,0,1,0,0,0
-0.267,-0.539,0.5,0,1,0,0,1,0,0,0,0,0,0,1,0,0,0,0,0,0,1
1.2,-0.278,-1.0,0,1,0,1,1,0,0,0,0,0,0,0,0,0,0,1,0,0,0
-0.6,0.877,2.5,0,1,0,1,0,0,0,0,0,0,0,1,0,0,0,0,0,0,1
-0.4,-0.435,-0.5,0,1,0,0,1,0,0,0,0,0,0,0,0,0,0,0,0,0,0
0.133,0.433,-0.5,1,0,0,0,1,0,0,1,0,1,0,0,0,1,0,0,0,0,0
-0.533,-0.407,0.5,0,1,0,1,1,0,0,0,0,0,0,0,0,0,0,0,0,0,0
1.267,-0.615,-0.5,0,1,0,1,1,0,0,0,0,0,0,0,0,0,0,1,0,0,0
0.133,-0.428,-1.0,0,1,0,1,0,1,1,0,0,1,0,1,0,0,0,0,0,0,0
-0.467,-0.151,0.5,0,1,0,1,1,0,0,0,0,0,1,0,0,0,1,0,0,0,0
-0.733,-0.724,0.0,0,1,0,0,0,1,0,0,0,0,0,0,0,0,0,1,0,0,1
0.4,-0.634,-1.0,1,0,0,0,1,0,0,0,1,0,0,1,0,0,0,0,0,0,0
0.867,-0.026,-0.5,1,0,0,0,1,0,0,0,0,0,1,0,0,0,1,0,0,0,0
-0.6,-0.065,1.0,0,1,0,0,1,0,0,0,0,1,0,1,0,0,0,0,0,0,1
0.133,0.703,0.5,0,1,0,1,1,0,1,0,0,1,0,0,0,0,1,0,0,0,0
-0.6,-0.111,-0.75,0,1,0,1,1,0,0,0,0,1,0,0,0,0,1,0,0,0,0
-0.4,1.956,3.5,1,0,0,1,1,0,0,0,0,1,0,0,0,0,0,1,0,0,0
0.133,0.14,0.5,1,0,0,1,1,0,0,0,0,0,0,0,0,0,0,1,0,0,0
-0.267,-0.065,-0.5,0,1,0,1,0,0,0,0,0,0,0,0,0,0,0,1,0,0,1
-0.667,0.573,-0.25,0,1,0,0,1,0,1,0,0,1,0,1,0,0,0,0,0,0,0
1.6,-0.447,-0.583,1,0,0,0,1,0,1,0,0,1,0,0,0,0,0,1,0,0,0
-0.4,-0.254,-0.5,0,1,0,1,1,0,0,0,0,0,0,0,0,0,1,0,0,0,0
1.467,-0.275,0.5,0,1,0,0,1,0,0,0,0,0,0,0,0,0,0,1,0,0,0
0.2,1.144,0.0,0,0,1,1,0,0,0,0,0,0,0,1,0,0,0,0,0,0,0
1.6,0.164,-0.5,1,0,0,0,0,0,0,0,0,0,0,0,0,1,0,0,0,0,0
-0.067,-0.418,-0.667,1,0,0,1,1,0,0,0,0,0,0,1,0,0,0,0,0,0,0
0.267,-0.582,-0.25,0,1,0,1,1,0,0,0,0,1,0,0,0,0,0,1,0,0,1
0.2,1.529,1.5,0,1,0,1,1,0,0,0,0,1,0,0,0,0,0,0,0,0,0
0.333,-0.302,0.5,0,1,0,0,1,0,0,0,0,0,0,0,0,0,0,1,0,0,0
0.8,2.554,-0.333,0,0,1,1,1,0,0,0,0,0,0,1,0,0,0,0,0,0,1
-0.533,-0.507,0.5,0,1,0,1,1,0,0,0,0,1,0,0,0,0,0,1,0,0,0
-0.067,0.131,0.0,0,1,0,1,1,0,0,0,0,1,0,1,0,0,0,0,0,0,0
0.267,-0.352,-0.5,0,1,0,0,0,1,0,1,0,1,0,0,0,0,1,0,0,0,0
0.2,3.778,2.5,0,0,1,1,0,0,0,0,0,1,0,1,0,0,0,0,0,0,0
-0.333,0.284,2.5,0,1,0,1,1,0,0,0,0,1,0,0,0,0,0,1,0,0,1
0.067,3.713,1.0,1,0,0,1,1,0,0,0,0,0,0,0,0,0,0,0,1,0,1
-0.067,0.145,-0.75,0,1,0,1,1,0,0,0,0,0,0,0,0,0,0,1,0,0,0
-0.467,0.032,0.0,0,1,0,0,1,0,0,0,0,0,0,0,0,0,0,1,0,0,0
1.067,-0.406,-0.5,1,0,0,1,1,0,0,0,0,0,0,0,0,0,1,0,0,0,0
-0.067,0.879,-1.0,0,1,0,0,1,0,0,0,0,0,0,0,0,0,1,0,0,0,1
-0.267,-0.161,0.5,0,0,1,1,0,1,1,0,0,1,0,0,0,0,0,1,0,0,0
-0.667,0.402,-0.25,0,1,0,1,0,1,0,0,1,1,0,1,0,0,0,0,0,0,0
1.133,-0.286,-0.5,0,1,0,1,1,0,0,0,0,0,0,0,0,0,1,0,0,0,0
1.067,-0.335,0.0,1,0,0,1,1,0,0,0,0,0,1,0,0,0,0,1,0,0,0
2.0,-0.307,-0.25,0,1,0,1,1,0,0,0,0,1,0,0,0,0,1,0,0,0,0
0.267,0.598,0.5,0,1,0,1,1,0,1,0,0,1,0,1,0,0,0,0,0,0,0
0.133,3.223,2.417,1,0,0,0,1,0,0,0,0,0,0,1,0,0,0,0,0,0,0
-0.467,0.947,2.5,0,1,0,1,1,0,0,0,0,0,0,1,0,0,0,0,0,0,0
-0.133,2.019,2.5,0,0,1,1,0,0,1,0,0,1,0,0,0,0,0,0,0,1,0
1.067,-0.471,-0.5,0,1,0,0,1,0,0,0,0,1,0,0,0,0,0,1,0,0,0
1.0,-0.497,0.5,0,1,0,1,1,0,0,0,0,0,0,0,0,0,0,1,0,0,1
-0.467,-0.477,-0.5,0,1,0,1,1,0,0,0,0,0,0,0,0,0,0,0,0,0,0
-0.333,2.715,1.5,0,0,1,1,0,1,0,0,0,1,0,1,0,0,0,0,0,0,1
0.733,1.573,0.5,0,0,1,0,0,0,0,0,0,0,0,1,0,0,0,0,0,0,0
1.533,0.95,2.0,0,1,0,1,0,0,0,0,0,0,1,1,0,0,0,0,0,0,0
0.867,2.037,2.5,0,0,1,1,1,0,0,0,0,1,0,0,0,0,0,0,0,0,0
-0.467,2.931,2.5,0,1,0,0,1,0,0,0,0,1,0,0,0,0,1,0,0,0,1
-0.867,0.904,-0.5,0,1,0,0,0,1,0,0,0,1,0,1,0,0,0,0,0,0,0
0.8,-0.396,-0.667,1,0,0,1,1,0,0,0,0,1,0,1,0,0,0,0,0,0,0
0.667,0.075,0.0,0,1,0,1,1,0,0,0,0,0,0,0,0,0,1,0,0,0,0
-0.067,0.163,0.25,0,1,0,1,1,0,0,0,1,1,0,0,0,0,1,0,0,0,0
1.4,-0.632,-1.0,0,0,0,0,1,0,0,0,0,0,0,1,0,0,0,0,0,0,0
0.6,0.569,1.5,0,1,0,0,1,0,0,0,0,1,0,0,0,0,0,1,0,0,1
0.267,-0.374,0.5,1,0,0,1,1,0,0,0,0,0,1,1,0,0,0,0,0,0,1
1.067,-0.492,-0.667,0,1,0,1,1,0,0,0,0,0,0,1,0,0,0,0,0,0,0
0.733,2.995,2.5,0,1,0,1,0,0,0,1,0,1,0,1,0,0,0,0,0,0,1
0.0,-0.298,-1.0,0,1,0,1,1,0,0,0,1,1,0,0,0,0,1,0,0,0,0
-0.6,0.956,1.0,1,0,0,0,0,1,0,0,0,1,0,1,0,0,0,0,0,0,0
0.0,-0.611,-0.5,1,0,0,1,1,0,1,0,0,0,0,0,0,0,0,1,0,0,1
-0.6,-0.415,-0.833,0,1,0,0,1,0,0,0,0,1,0,0,0,0,1,0,0,0,1
-0.733,-0.784,-0.75,1,0,0,1,0,1,0,0,0,1,0,1,0,0,0,0,0,0,0
0.467,1.174,2.5,0,0,0,1,0,0,0,0,0,1,0,0,0,0,0,0,0,1,0
-0.533,1.224,0.5,0,1,0,1,1,0,1,0,0,1,0,0,0,0,1,0,0,0,0
-0.467,0.548,0.5,0,1,0,0,1,0,0,0,0,0,1,0,0,0,1,0,0,0,0
-0.533,-0.627,-0.5,1,0,0,1,1,0,0,0,0,1,0,1,0,0,0,0,0,0,1
-0.267,-0.317,-1.167,1,0,0,1,1,0,0,0,0,0,1,1,0,0,0,0,0,0,0
-0.133,0.164,1.5,0,1,0,1,1,0,0,0,0,0,0,0,0,0,1,0,0,0,1
0.333,-0.618,-0.5,1,0,0,1,1,0,0,0,0,0,0,0,0,0,1,0,0,0,0
1.0,0.779,0.5,1,0,0,0,1,0,0,0,0,1,0,0,0,0,1,0,0,0,0
-0.067,-0.621,-0.5,0,1,0,1,1,0,0,0,0,0,0,0,0,1,0,0,0,0,0
-0.4,0.508,-0.25,1,0,0,0,1,0,0,0,0,0,0,0,0,0,1,0,0,0,0
-0.333,0.74,1.0,0,0,1,1,1,0,0,0,0,1,0,1,0,0,0,0,0,0,1
-0.067,-0.146,0.5,0,1,0,1,1,0,0,0,0,0,0,0,0,0,0,1,0,0,1
0.067,0.227,0.5,0,0,1,1,0,0,0,0,0,0,0,1,0,0,0,0,0,0,0
-0.333,0.13,0.0,0,1,0,1,1,0,0,0,1,0,0,0,0,0,1,0,0,0,0
0.2,-0.495,0.0,0,1,0,0,1,0,0,0,0,0,0,1,0,0,0,0,0,0,0
0.4,0.414,-0.833,1,0,0,1,1,0,0,0,0,0,0,1,0,0,0,0,0,0,0
1.067,1.336,-0.5,0,1,0,1,0,1,0,0,0,1,0,0,0,0,1,0,0,0,0
0.067,-0.305,0.5,0,1,0,0,1,0,0,0,1,1,0,1,0,0,0,0,0,0,0
-0.133,0.826,1.5,0,1,0,1,1,0,0,0,0,0,1,0,0,0,0,1,0,0,0
-0.333,-0.48,-1.0,0,1,0,1,1,0,0,0,0,1,0,0,0,0,0,1,0,0,0
2.8,1.648,0.5,0,0,1,1,0,0,0,0,0,0,0,1,0,0,0,0,0,0,0
-0.2,-0.175,0.0,0,1,0,0,1,0,1,0,0,1,0,0,0,1,0,0,0,0,1
-0.6,1.952,3.5,0,0,1,0,1,0,1,0,0,1,0,1,0,0,0,0,0,0,1
-0.6,3.556,2.5,1,0,0,0,0,1,1,0,0,1,0,1,0,0,0,0,0,0,1
-0.667,0.687,0.5,0,1,0,1,0,1,0,0,0,0,0,0,0,0,1,0,0,0,1
0.733,0.408,-1.0,0,0,1,1,0,1,0,0,0,0,0,0,0,0,1,0,0,0,1
-0.667,-0.084,-0.417,1,0,0,0,1,0,0,0,0,1,0,0,0,0,0,1,0,0,0
-0.6,-0.401,-0.25,0,1,0,0,0,1,0,0,0,0,0,0,1,0,0,0,0,0,1
-0.333,0.71,0.5,0,1,0,1,1,0,0,0,0,0,0,0,0,0,1,0,0,0,0
-0.133,-0.306,-0.667,1,0,0,1,1,0,0,0,0,1,0,0,0,0,1,0,0,0,0
-0.6,1.313,0.5,0,1,0,0,0,0,0,0,0,1,0,0,0,1,0,0,0,0,0
-0.467,0.491,0.25,1,0,0,0,0,1,0,0,0,0,0,0,0,0,1,0,0,0,0
-0.533,0.343,0.0,0,1,0,1,0,1,0,1,0,1,0,0,0,0,0,1,0,0,0
0.0,0.813,0.0,0,0,1,1,1,0,0,0,0,1,0,0,0,0,0,0,0,0,0
0.267,0.625,-0.667,1,0,0,1,1,0,0,0,0,0,1,1,0,0,0,0,0,0,0
0.667,-0.33,-0.25,1,0,0,0,1,0,0,0,0,0,0,0,0,0,0,1,0,0,0
-0.667,-0.551,-0.417,0,1,0,1,1,0,0,0,0,1,0,0,0,0,0,1,0,0,0
-0.667,0.552,0.5,0,0,0,0,0,1,0,1,0,1,0,0,0,0,0,1,0,0,0
0.067,-0.221,-1.0,1,0,0,1,1,0,1,0,0,1,0,0,0,0,0,0,0,0,0
-0.067,-0.454,-0.75,0,1,0,1,0,0,0,0,1,1,0,0,0,1,0,0,0,0,1
-0.667,-0.416,-0.75,0,1,0,0,0,1,0,0,0,0,0,0,1,0,0,0,0,0,0
-0.267,-0.522,-0.75,0,1,0,0,1,0,0,0,0,1,0,0,0,0,1,0,0,0,1
0.333,0.349,0.0,0,0,1,1,1,0,0,0,0,1,0,1,0,0,0,0,0,0,0
-0.333,1.488,-0.5,0,1,0,1,0,1,0,0,0,0,0,0,0,0,0,1,0,0,1
0.867,-0.611,-0.667,0,1,0,1,0,0,0,1,0,1,0,0,0,1,0,0,0,0,0
-0.667,-0.412,0.5,1,0,0,1,1,0,0,0,0,1,0,1,0,0,0,0,0,0,1
1.067,0.004,-0.5,0,1,0,1,1,0,0,0,0,1,0,0,0,0,0,1,0,0,0
-0.467,0.822,1.5,0,0,1,1,1,0,0,0,0,0,0,0,0,0,0,1,0,0,1
-0.333,-0.592,-0.5,0,1,0,1,1,0,0,0,0,0,0,0,0,0,0,1,0,0,0
-0.667,0.033,1.0,0,1,0,0,0,1,0,0,0,0,0,0,0,0,1,0,0,0,1
1.867,-0.415,0.0,0,1,0,1,0,0,0,0,0,1,0,0,0,1,0,0,0,0,0
0.267,0.414,-0.5,0,0,1,1,1,0,0,0,0,0,1,0,0,0,0,1,0,0,0
0.2,-0.028,-0.5,0,1,0,0,1,0,0,0,0,0,1,1,0,0,0,0,0,0,0
-0.8,-0.212,-1.0,0,1,0,1,0,1,0,0,0,0,0,0,0,0,1,0,0,0,0
-0.533,0.059,0.0,0,0,0,1,1,0,0,0,0,0,0,0,0,0,1,0,0,0,1
0.2,-0.298,-0.5,0,1,0,1,1,0,0,0,0,0,0,0,0,0,0,0,0,0,0
-0.4,0.587,0.0,0,1,0,1,1,0,0,0,0,0,0,1,0,0,0,0,0,0,0
-0.733,0.51,0.0,0,1,0,0,0,1,0,0,0,0,0,0,0,0,1,0,0,0,0
0.6,0.432,1.5,0,1,0,1,1,0,0,0,0,0,0,0,0,0,1,0,0,0,1
0.467,0.261,0.0,0,1,0,0,0,1,0,0,0,1,0,0,0,0,1,0,0,0,0
0.2,0.291,1.5,0,1,0,1,1,0,0,0,0,1,0,1,0,0,0,0,0,0,0
0.0,1.439,0.0,0,1,0,1,1,0,0,0,0,0,0,0,0,0,0,1,0,0,0
-0.667,-0.067,-0.667,0,1,0,0,0,1,0,0,0,0,0,0,0,0,1,0,0,0,0
2.0,4.387,3.5,0,0,1,1,0,0,0,0,0,1,0,1,0,0,0,0,0,0,0
1.8,4.781,3.5,0,0,1,0,0,0,1,0,0,1,0,0,0,0,0,0,0,1,1
0.267,2.058,2.5,0,1,0,0,0,1,0,0,0,0,0,0,0,0,0,0,0,0,1
0.067,0.0,0.0,0,1,0,1,1,0,0,0,0,0,0,0,0,0,0,1,0,0,0
0.2,-0.565,-0.917,0,1,0,1,0,0,0,0,0,1,0,0,0,0,0,1,0,0,0
1.6,4.603,1.5,0,0,1,1,0,0,0,0,0,1,0,1,0,0,0,0,0,0,1
1.267,-0.751,-1.0,1,0,0,0,1,0,1,0,0,1,0,1,0,0,0,0,0,0,0
0.4,-0.041,0.167,0,1,0,1,1,0,0,0,0,0,0,0,0,0,1,0,0,0,0
0.333,4.088,0.0,0,0,1,0,0,0,0,0,0,1,0,1,0,0,0,0,0,0,1
-0.533,-0.398,0.333,0,1,0,0,0,1,0,0,0,1,0,1,0,0,0,0,0,0,0
-0.467,-0.38,-0.5,0,1,0,1,1,0,0,0,0,0,1,1,0,0,0,0,0,0,0
-0.467,0.749,1.0,1,0,0,1,1,0,1,0,0,1,0,0,0,0,0,0,0,0,0
-0.533,-0.031,0.0,0,1,0,0,1,0,0,0,0,0,0,0,0,0,0,1,0,0,0
-0.8,-0.458,0.0,0,1,0,0,0,1,0,0,0,1,0,0,0,0,0,1,0,0,0
0.467,1.939,0.0,0,0,1,1,1,0,0,0,0,1,0,0,0,0,1,0,0,0,0
-0.4,0.002,-0.25,0,1,0,1,1,0,0,1,0,1,0,0,0,0,0,0,0,0,0
-0.4,-0.334,-0.75,0,1,0,0,1,0,0,0,0,0,0,0,0,0,0,0,0,0,0
-0.2,-0.192,0.0,0,0,1,1,1,0,0,0,0,0,0,1,0,0,0,0,0,0,0
-0.933,-0.513,-0.5,1,0,0,0,0,1,0,0,1,1,0,0,0,0,1,0,0,0,0
0.4,0.357,1.5,0,0,1,1,0,0,0,0,0,0,0,1,0,0,0,0,0,0,0
-0.133,-0.139,-1.0,0,1,0,0,1,0,0,0,0,0,0,0,0,0,0,1,0,0,0
-0.133,0.033,-0.75,0,0,1,1,1,0,0,0,0,0,0,0,0,0,1,0,0,0,0
-0.067,3.622,1.75,0,1,0,1,0,1,1,0,0,1,0,0,0,1,0,0,0,0,0
1.467,0.099,-0.5,0,0,1,0,0,0,0,0,0,0,0,0,0,0,1,0,0,0,0
0.867,0.011,1.5,0,1,0,1,1,0,0,0,0,0,0,0,0,0,1,0,0,0,0
0.867,-0.421,-0.5,0,1,0,1,0,1,0,0,0,1,0,1,0,0,0,0,0,0,1
0.667,-0.308,0.5,1,0,0,0,1,0,0,0,1,1,0,0,0,0,0,1,0,0,0
0.4,-0.325,0.0,0,1,0,1,1,0,0,0,0,0,0,0,0,0,0,1,0,0,0
-0.333,-0.166,0.0,0,1,0,1,1,0,0,0,0,1,0,0,0,0,0,0,0,0,0
-0.4,2.428,0.5,0,1,0,1,1,0,0,0,0,0,0,0,0,0,0,0,0,0,1
-0.4,-0.582,-0.333,1,0,0,1,1,0,0,0,0,0,0,1,0,0,0,0,0,0,0
0.667,0.222,0.0,0,1,0,1,1,0,0,0,0,1,0,1,0,0,0,0,0,0,0
-0.733,-0.108,0.5,0,1,0,1,1,0,0,0,0,1,0,0,0,0,0,1,0,0,1
0.667,-0.047,0.5,0,1,0,1,1,0,0,0,0,1,0,1,0,0,0,0,0,0,0
-0.4,-0.486,-0.25,0,1,0,1,1,0,0,0,0,0,0,0,0,0,0,1,0,0,0
-0.467,0.351,0.5,0,0,1,1,1,0,0,1,0,1,0,0,0,0,0,1,0,0,0
-0.333,-0.53,-0.5,0,1,0,1,1,0,0,1,0,0,1,1,0,0,0,0,0,0,1
-0.867,-0.135,0.5,0,1,0,0,1,0,0,0,0,1,0,0,0,0,0,1,0,0,0
0.133,1.893,1.25,0,0,1,1,1,0,0,0,0,0,0,1,0,0,0,0,0,0,0
0.6,-0.011,-0.5,0,0,1,1,1,0,0,0,0,0,0,0,0,0,0,0,0,0,1
0.467,-0.277,-0.667,1,0,0,1,0,1,0,1,0,1,0,1,0,0,0,0,0,0,0
0.133,-0.36,0.5,0,1,0,0,1,0,0,0,0,0,0,1,0,0,0,0,0,0,1
0.133,1.351,1.5,0,1,0,1,1,0,0,0,0,0,0,1,0,0,0,0,0,0,0
0.0,0.1,-0.5,1,0,0,1,1,0,0,0,0,0,0,1,0,0,0,0,0,0,1
-0.667,2.36,0.0,0,1,0,0,0,1,0,0,0,0,0,0,0,1,0,0,0,0,0
-0.133,0.177,0.25,0,0,1,0,1,0,0,1,0,1,0,1,0,0,0,0,0,0,0
0.0,-0.49,0.0,0,1,0,0,1,0,0,0,0,1,0,1,0,0,0,0,0,0,1
-0.867,0.332,-0.25,0,1,0,0,0,1,0,0,1,1,0,1,0,0,0,0,0,0,0
-0.2,-0.112,-0.5,0,1,0,1,1,0,0,0,0,1,0,1,0,0,0,0,0,0,0
0.933,-0.522,-0.5,1,0,0,1,1,0,0,0,0,1,0,1,0,0,0,0,0,0,0
0.067,-0.279,0.25,0,0,1,1,1,0,1,0,0,1,0,0,0,0,1,0,0,0,0
-0.533,0.17,-0.5,0,1,0,0,1,0,0,0,0,1,0,0,0,0,1,0,0,0,1
-0.8,0.176,0.0,0,1,0,1,0,1,0,0,0,1,0,1,0,0,0,0,0,0,0
-0.267,0.162,0.833,0,1,0,1,1,0,0,0,0,0,0,0,0,0,0,1,0,0,0
0.867,-0.449,0.0,0,1,0,1,1,0,0,0,1,1,0,0,0,0,0,1,0,0,0
-0.867,-0.386,-0.75,0,1,0,1,1,0,0,0,0,0,0,0,0,0,1,0,0,0,0
1.467,-0.433,0.0,0,0,0,0,0,0,0,0,0,0,0,0,0,0,0,0,1,0,1
2.733,0.433,-1.083,1,0,0,1,1,0,0,0,0,0,0,0,0,0,0,0,0,0,0
-0.267,3.456,0.5,0,0,1,1,1,0,0,0,0,1,0,0,0,0,0,0,0,1,1
0.2,-0.172,-1.0,0,0,1,1,0,0,0,0,0,0,0,0,0,0,1,0,0,0,0
0.0,-0.1,0.5,0,1,0,1,1,0,0,0,0,0,0,0,0,0,0,0,1,0,0
-0.533,-0.07,-0.75,0,1,0,1,1,0,0,0,0,0,0,0,0,0,1,0,0,0,0
-0.533,-0.321,-0.5,0,1,0,1,1,0,0,0,0,1,0,0,0,0,0,1,0,0,1
-0.667,-0.637,-1.0,1,0,0,1,0,1,0,1,0,1,0,0,0,0,0,0,1,0,0
0.267,-0.396,0.5,0,1,0,0,1,0,0,0,1,1,0,1,0,0,0,0,0,0,0
2.133,0.412,2.0,0,0,0,1,1,0,0,0,0,0,0,0,0,0,0,0,1,0,0
-0.467,-0.656,-0.5,0,0,0,0,1,0,0,0,0,0,1,0,0,0,0,0,0,0,1
0.4,-0.167,-0.5,0,0,1,1,1,0,0,0,0,0,0,1,0,0,0,0,0,0,0
-0.2,-0.268,-0.5,0,1,0,0,1,0,0,0,0,0,0,0,0,0,1,0,0,0,0
-0.267,0.119,0.167,0,1,0,1,1,0,0,0,0,1,0,0,0,0,0,0,0,1,0
0.533,-0.614,-0.5,1,0,0,1,1,0,0,0,0,0,0,0,0,1,0,0,0,0,1
-0.2,1.065,2.5,0,0,1,0,1,0,0,0,0,1,0,0,0,0,1,0,0,0,1
0.533,-0.413,-0.75,1,0,0,0,0,1,0,0,0,1,0,0,0,1,0,0,0,0,0
0.067,-0.183,1.5,0,1,0,0,1,0,0,0,0,0,0,1,0,0,0,0,0,0,1
0.133,0.098,-0.917,0,1,0,1,1,0,0,0,0,1,0,0,0,0,0,1,0,0,0
1.467,-0.344,-0.5,0,0,1,0,1,0,0,0,0,0,1,0,0,0,1,0,0,0,0
1.867,-0.31,-0.25,0,1,0,1,1,0,0,0,1,1,0,0,0,0,0,0,1,0,1
-0.2,3.351,1.5,0,0,1,1,1,0,0,0,0,1,0,1,0,0,0,0,0,0,0
-0.267,-0.691,-1.0,0,1,0,0,1,0,0,0,0,0,0,0,0,0,0,1,0,0,0
0.067,0.169,-0.5,0,1,0,1,1,0,0,0,0,0,0,0,0,0,1,0,0,0,0
0.133,0.134,0.5,0,0,1,1,1,0,0,0,0,0,0,1,0,0,0,0,0,0,0
-0.133,0.958,0.5,0,1,0,1,1,0,0,0,0,0,0,1,0,0,0,0,0,0,1
-0.267,0.138,0.5,0,0,1,0,1,0,0,0,0,0,0,1,0,0,0,0,0,0,0
0.2,0.608,-0.583,0,1,0,1,0,1,0,0,0,0,0,1,0,0,0,0,0,0,0
0.133,0.409,-0.5,0,1,0,1,0,0,0,0,0,0,0,1,0,0,0,0,0,0,1
-0.4,-0.758,-1.0,0,1,0,0,1,0,0,0,0,0,0,0,1,0,0,0,0,0,0
-0.067,0.873,0.0,0,1,0,1,1,0,0,0,0,0,0,0,0,0,0,1,0,0,0
0.267,0.499,1.5,0,1,0,1,1,0,0,0,0,0,0,0,0,0,1,0,0,0,0
0.2,-0.23,-0.25,0,1,0,1,1,0,0,0,0,0,0,1,0,0,0,0,0,0,0
0.067,0.268,-0.5,0,0,1,0,0,1,0,0,0,1,0,0,0,0,1,0,0,0,0
0.333,-0.601,-0.5,0,1,0,1,1,0,0,0,0,1,0,0,0,1,0,0,0,0,0
0.067,-0.142,0.0,0,1,0,1,1,0,0,0,0,0,0,0,0,0,0,0,0,0,0
2.0,0.232,0.5,0,1,0,1,1,0,0,0,0,0,0,1,0,0,0,0,0,0,0
-0.267,-0.253,0.5,1,0,0,0,0,1,0,0,0,0,0,0,0,0,0,1,0,0,1
-0.067,1.887,2.5,0,1,0,1,1,0,0,0,0,1,0,0,0,0,0,1,0,0,0
-0.467,0.171,1.25,0,1,0,0,1,0,0,0,0,0,0,0,0,0,0,0,0,0,0
0.133,0.905,0.5,1,0,0,1,1,0,0,0,0,0,0,1,0,0,0,0,0,0,0
-0.733,0.296,0.5,0,1,0,1,0,1,1,0,0,1,0,0,0,0,0,1,0,0,1
-0.667,-0.718,-1.0,0,1,0,0,1,0,0,0,0,0,0,0,0,1,0,0,0,0,1
-0.333,-0.639,-0.75,1,0,0,1,1,0,0,0,0,0,0,1,0,0,0,0,0,0,1
0.2,-0.415,-1.0,0,0,1,1,1,0,0,0,0,1,0,0,0,1,0,0,0,0,0
0.0,-0.412,0.0,0,1,0,1,1,0,0,0,0,1,0,0,0,0,0,1,0,0,1
-0.467,0.305,0.0,0,1,0,0,0,1,0,0,0,0,0,0,0,0,1,0,0,0,1
-0.6,0.096,1.75,0,1,0,1,1,0,0,1,0,1,0,1,0,0,0,0,0,0,0
-0.533,1.087,0.5,0,1,0,1,1,0,0,0,0,0,1,0,0,0,0,1,0,0,0
0.4,-0.492,-0.5,1,0,0,1,1,0,1,0,0,1,0,0,0,0,0,0,0,0,0
0.733,-0.323,-0.25,0,1,0,1,1,0,0,0,0,0,0,0,0,0,1,0,0,0,0
-0.667,0.481,-0.5,1,0,0,0,1,0,0,0,0,1,0,0,0,0,0,1,0,0,0
-0.467,-0.429,0.5,0,1,0,1,1,0,0,0,0,1,0,1,0,0,0,0,0,0,0
1.6,0.5,1.0,0,1,0,0,0,1,0,0,1,0,0,0,0,0,1,0,0,0,0
-0.2,-0.522,-0.25,0,1,0,0,1,0,0,0,1,1,0,0,0,0,1,0,0,0,0
0.733,-0.444,-0.5,0,1,0,1,1,0,0,1,0,1,0,1,0,0,0,0,0,0,0
0.933,-0.426,-1.0,0,0,1,1,1,0,0,0,0,1,0,1,0,0,0,0,0,0,1
1.267,0.291,-0.5,0,1,0,1,1,0,0,0,0,0,0,0,0,0,0,1,0,0,0
1.933,0.551,0.5,0,1,0,0,0,0,0,0,0,0,0,1,0,0,0,0,0,0,0
0.133,-0.346,-0.667,1,0,0,1,0,1,1,0,0,1,0,1,0,0,0,0,0,0,0
-0.467,0.46,-1.0,0,1,0,1,0,1,0,0,0,0,0,1,0,0,0,0,0,0,0
-0.467,-0.148,-0.5,0,1,0,1,1,0,0,0,0,0,0,0,0,0,0,1,0,0,0
0.6,2.301,0.75,0,0,1,0,0,0,0,0,0,1,0,0,0,0,0,0,0,0,1
-0.4,-0.415,-1.0,0,1,0,0,1,0,1,0,0,1,0,0,0,0,0,1,0,0,0
0.333,-0.749,-1.0,0,1,0,1,1,0,0,0,0,1,0,0,0,0,0,1,0,0,0
0.4,-0.076,-0.5,1,0,0,1,0,1,0,0,0,0,0,1,0,0,0,0,0,0,0
-0.867,0.26,0.5,0,1,0,1,1,0,0,0,0,0,0,0,0,0,1,0,0,0,1
-0.267,2.576,1.5,0,0,1,1,0,1,1,0,0,1,0,0,0,0,1,0,0,0,1
0.467,-0.282,0.5,0,1,0,1,1,0,0,0,0,0,0,0,0,0,1,0,0,0,0
-0.067,-0.391,0.0,1,0,0,1,1,0,0,0,0,1,0,0,0,0,0,1,0,0,0
-0.333,-0.382,-1.0,0,1,0,1,1,0,1,0,0,0,1,1,0,0,0,0,0,0,0
-0.4,0.308,0.5,0,1,0,0,1,0,0,0,0,0,0,1,0,0,0,0,0,0,1
0.6,1.217,1.5,0,1,0,1,0,0,0,0,0,0,0,1,0,0,0,0,0,0,0
1.067,-0.458,-0.75,0,1,0,1,1,0,1,0,0,0,1,0,0,0,0,1,0,0,0
0.333,-0.423,0.5,0,1,0,1,1,0,1,0,0,1,0,0,0,0,0,1,0,0,1
-0.6,-0.427,0.5,0,1,0,0,0,1,0,0,0,0,0,1,0,0,0,0,0,0,1
-0.4,-0.388,-0.667,1,0,0,1,1,0,0,0,0,1,0,1,0,0,0,0,0,0,1
0.2,0.016,-0.25,0,1,0,1,1,0,0,1,0,0,1,1,0,0,0,0,0,0,0
0.067,1.738,-0.25,0,0,1,1,1,0,1,0,0,1,0,1,0,0,0,0,0,0,1
-0.333,-0.348,0.5,0,1,0,1,1,0,0,0,0,0,0,0,0,0,0,1,0,0,0
0.8,2.405,1.75,0,0,1,1,1,0,1,0,0,1,0,1,0,0,0,0,0,0,0
-0.467,-0.599,-0.5,0,1,0,1,1,0,0,0,0,0,0,1,0,0,0,0,0,0,1
-0.067,0.908,1.5,0,0,1,1,0,0,0,0,0,0,0,1,0,0,0,0,0,0,0
-0.467,0.141,-0.25,0,1,0,1,0,1,0,0,0,0,1,0,0,0,0,0,0,0,0
-0.867,-0.665,-0.5,0,1,0,1,0,1,0,0,0,1,0,0,0,0,0,1,0,0,0
1.4,-0.025,0.5,0,1,0,1,1,0,0,0,0,1,0,1,0,0,0,0,0,0,0
0.267,-0.656,-1.0,0,1,0,0,1,0,0,0,0,0,0,1,0,0,0,0,0,0,0
0.467,-0.368,-1.0,1,0,0,1,1,0,0,0,0,0,0,1,0,0,0,0,0,0,0
-0.667,1.844,1.5,0,1,0,0,0,1,0,0,0,0,0,0,0,0,1,0,0,0,1
0.667,-0.428,-1.0,0,1,0,1,1,0,1,0,0,0,0,1,0,0,0,0,0,0,0
0.2,-0.621,-1.0,0,1,0,1,0,0,0,0,0,1,0,0,0,0,0,1,0,0,0
0.733,1.223,0.5,0,1,0,1,0,0,0,0,0,0,0,0,0,0,0,0,1,0,0
-0.6,0.334,0.0,0,1,0,0,1,0,0,0,0,0,0,0,0,0,0,1,0,0,1
1.333,1.841,2.5,0,1,0,1,0,0,0,0,0,0,0,0,0,0,1,0,0,0,1
-0.667,0.448,0.5,0,1,0,0,1,0,1,0,0,1,0,1,0,0,0,0,0,0,0
-0.467,-0.463,0.0,1,0,0,0,1,0,0,0,0,1,0,0,0,0,0,1,0,0,0
-0.2,2.166,0.667,0,1,0,1,1,0,0,0,0,1,0,1,0,0,0,0,0,0,0
-0.133,-0.302,-0.25,0,1,0,0,1,0,1,0,0,1,0,0,0,1,0,0,0,0,0
0.6,-0.313,-1.167,1,0,0,1,1,0,0,0,0,0,0,0,0,0,0,1,0,0,0
-0.133,-0.007,1.5,0,1,0,1,0,1,0,0,0,0,0,0,0,0,0,1,0,0,1
0.533,-0.636,-1.0,1,0,0,1,1,0,0,0,0,0,0,1,0,0,0,0,0,0,0
-0.067,-0.018,1.5,0,1,0,1,1,0,0,0,0,1,0,0,0,1,0,0,0,0,0
-0.333,0.119,-0.25,0,1,0,0,0,1,1,0,0,1,0,1,0,0,0,0,0,0,1
0.533,-0.313,-0.5,0,1,0,1,0,1,0,0,0,0,0,1,0,0,0,0,0,0,0
-0.467,-0.387,0.5,0,1,0,1,1,0,1,0,0,1,0,0,0,0,0,1,0,0,0
-0.533,0.301,0.5,0,1,0,1,1,0,0,0,0,1,0,0,0,0,0,1,0,0,0
0.0,-0.0,0.25,0,1,0,1,0,1,0,0,0,0,1,0,0,1,0,0,0,0,1
2.8,-0.363,-1.0,0,0,1,0,1,0,0,0,0,0,0,1,0,0,0,0,0,0,0
0.267,0.496,0.0,0,1,0,0,1,0,0,0,0,1,0,0,0,0,1,0,0,0,0
0.6,2.088,2.5,0,0,1,1,0,0,0,0,0,0,0,1,0,0,0,0,0,0,1
0.8,0.28,0.0,1,0,0,0,1,0,0,0,0,0,1,0,0,0,1,0,0,0,0
-0.667,-0.301,-0.5,0,1,0,1,0,1,0,0,0,1,0,0,0,0,0,1,0,0,1
1.8,-0.11,0.5,0,1,0,1,0,0,0,0,0,0,0,1,0,0,0,0,0,0,0
-0.133,1.546,1.0,0,1,0,1,1,0,0,0,0,0,0,0,0,0,1,0,0,0,1
0.067,0.209,0.0,1,0,0,1,1,0,0,0,0,0,1,0,0,0,1,0,0,0,1
1.867,-0.408,-0.5,1,0,0,1,1,0,0,0,0,0,0,1,0,0,0,0,0,0,0
0.667,-0.378,0.5,0,1,0,1,0,0,0,0,0,0,0,1,0,0,0,0,0,0,1
0.267,-0.114,0.5,0,1,0,0,1,0,0,0,0,0,0,1,0,0,0,0,0,0,0
-0.067,-0.294,0.5,0,1,0,1,1,0,0,0,0,0,0,0,0,0,0,1,0,0,0
-0.6,-0.65,-0.5,1,0,0,0,1,0,0,0,0,0,0,0,0,0,0,1,0,0,1
0.133,2.508,2.5,0,1,0,1,0,0,0,0,0,1,0,1,0,0,0,0,0,0,0
-0.667,-0.508,-0.5,0,1,0,0,1,0,0,0,0,1,0,0,0,0,0,0,1,0,0
0.8,-0.218,-1.0,1,0,0,1,1,0,0,1,0,1,0,0,0,0,0,1,0,0,0
0.067,1.795,2.5,0,1,0,1,1,0,0,0,0,0,0,0,0,0,0,1,0,0,1
-0.4,-0.124,-0.5,0,1,0,1,1,0,1,0,0,1,0,1,0,0,0,0,0,0,0
2.267,-0.43,-0.75,0,0,1,0,1,0,0,0,0,1,0,0,0,1,0,0,0,0,0
-0.733,-0.379,-0.5,0,1,0,1,1,0,0,0,0,1,0,0,0,0,0,1,0,0,1
-0.333,-0.016,0.0,0,1,0,0,1,0,1,0,0,1,0,1,0,0,0,0,0,0,1
-0.267,1.029,0.25,0,1,0,0,1,0,0,0,0,1,0,1,0,0,0,0,0,0,1
-0.4,0.473,0.5,0,1,0,1,1,0,0,0,0,0,0,0,0,0,1,0,0,0,1
-0.133,-0.15,0.0,1,0,0,1,1,0,0,0,0,1,0,0,0,0,1,0,0,0,1
1.067,0.247,0.5,0,1,0,1,0,0,0,0,0,0,0,1,0,0,0,0,0,0,0
-0.6,-0.297,0.5,1,0,0,1,0,1,0,0,0,0,0,0,0,0,0,1,0,0,1
-0.267,-0.628,-1.0,0,1,0,0,1,0,0,0,0,0,1,0,0,0,0,1,0,0,0
0.267,3.863,1.5,0,1,0,1,0,0,0,0,0,1,0,1,0,0,0,0,0,0,1
0.267,0.918,0.5,0,0,1,1,1,0,0,0,0,1,0,0,0,0,0,0,0,0,0
-0.667,-0.294,0.5,0,1,0,0,0,1,1,0,0,1,0,0,0,0,0,1,0,0,0
0.2,-0.363,-0.5,0,1,0,1,1,0,0,0,0,0,0,1,0,0,0,0,0,0,1
0.067,0.099,0.5,0,1,0,1,1,0,0,0,1,1,0,0,0,0,0,1,0,0,0
0.533,0.637,2.5,0,1,0,1,1,0,0,0,0,1,0,0,0,0,0,1,0,0,0
-0.133,1.703,2.5,0,1,0,0,1,0,0,0,0,0,0,0,0,0,0,1,0,0,1
-0.667,0.351,0.5,1,0,0,0,0,1,0,0,0,0,0,0,0,0,1,0,0,0,1
0.333,1.394,1.0,0,1,0,1,1,0,0,0,0,0,0,0,0,0,0,1,0,0,0
-0.467,1.194,0.5,0,0,1,0,0,1,0,0,0,1,0,1,0,0,0,0,0,0,0
-0.733,-0.581,-0.25,1,0,0,0,1,0,0,0,0,0,0,0,0,0,0,0,0,0,0
-0.4,-0.475,-0.75,1,0,0,1,1,0,0,0,0,1,0,0,0,0,0,1,0,0,0
-0.6,0.18,-0.25,0,1,0,0,1,0,0,0,0,0,0,0,0,0,1,0,0,0,0
-0.4,0.234,-0.5,0,1,0,0,1,0,0,0,0,1,0,0,0,0,0,1,0,0,0
0.0,-0.151,0.5,0,1,0,0,1,0,0,0,0,1,0,0,0,1,0,0,0,0,0
-0.4,0.192,1.5,0,1,0,1,1,0,0,0,0,1,0,1,0,0,0,0,0,0,1
-0.4,-0.53,0.5,1,0,0,1,1,0,0,0,0,0,0,0,0,1,0,0,0,0,0
-0.2,-0.485,0.0,0,1,0,1,1,0,0,0,0,1,0,1,0,0,0,0,0,0,1
1.067,0.309,-0.5,1,0,0,1,1,0,0,0,0,1,0,1,0,0,0,0,0,0,0
-0.467,-0.357,-0.75,0,1,0,0,0,1,0,0,0,0,0,0,0,0,1,0,0,0,0
0.0,0.025,1.5,1,0,0,1,0,1,0,0,0,1,0,0,0,0,0,0,1,0,1
1.267,-0.072,-0.5,0,0,1,0,0,0,0,0,0,1,0,1,0,0,0,0,0,0,0
-0.867,-0.108,0.0,0,1,0,0,0,1,0,0,0,0,0,0,0,0,1,0,0,0,1
0.2,0.184,-0.75,0,1,0,1,0,1,0,0,0,0,0,1,0,0,0,0,0,0,0
-0.8,-0.395,-0.5,1,0,0,1,1,0,0,0,0,0,0,0,0,0,1,0,0,0,0
0.933,-0.423,0.0,1,0,0,1,1,0,0,0,0,0,0,0,1,0,0,0,0,0,1
1.8,-0.028,-0.5,0,1,0,1,1,0,0,0,0,0,0,0,0,0,1,0,0,0,1
1.667,-0.742,-0.5,1,0,0,0,1,0,0,0,0,0,0,0,0,0,0,1,0,0,0
0.6,-0.136,0.5,0,1,0,0,0,1,0,0,0,1,0,1,0,0,0,0,0,0,0
0.2,-0.287,0.25,1,0,0,0,1,0,0,0,1,1,0,0,0,0,0,0,0,0,0
-0.867,0.153,0.5,1,0,0,0,0,1,0,0,0,1,0,1,0,0,0,0,0,0,1
0.467,-0.369,0.5,0,0,1,1,1,0,0,0,0,0,0,0,0,0,0,0,0,1,1
-0.067,-0.533,-1.0,1,0,0,0,1,0,1,0,0,1,0,1,0,0,0,0,0,0,1
-0.667,-0.337,0.5,0,1,0,0,0,1,0,0,0,0,0,1,0,0,0,0,0,0,1
0.2,0.737,0.5,1,0,0,1,1,0,0,0,0,1,0,0,0,0,0,0,0,0,1
-0.133,0.175,0.0,0,1,0,1,1,0,0,0,0,0,0,1,0,0,0,0,0,0,1
-0.067,0.592,0.5,0,1,0,1,0,0,0,0,0,0,0,0,0,0,0,0,0,0,0
0.8,0.004,-0.917,0,1,0,0,1,0,0,0,0,1,0,0,0,0,0,1,0,0,0
-0.2,-0.538,-0.75,0,1,0,0,1,0,0,0,0,1,0,0,0,0,1,0,0,0,1
0.067,-0.185,0.5,1,0,0,0,0,0,0,0,0,1,0,0,0,1,0,0,0,0,1
-0.333,0.395,1.5,0,0,1,0,1,0,0,0,0,0,0,0,0,0,1,0,0,0,1
-0.667,-0.401,-0.667,0,1,0,0,1,0,0,0,0,0,1,0,0,0,1,0,0,0,0
-0.733,0.195,0.5,0,1,0,1,1,0,0,1,0,0,0,0,0,0,1,0,0,0,0
2.733,0.846,0.5,0,0,1,1,1,0,0,0,0,0,0,0,0,0,0,0,0,0,0
1.133,0.135,1.5,0,1,0,0,0,0,1,0,0,1,0,0,0,0,0,1,0,0,1
0.0,-0.103,0.0,0,1,0,1,1,0,0,0,0,0,0,0,0,0,0,1,0,0,0
0.8,-0.391,-0.25,0,1,0,1,0,0,0,0,0,1,0,1,0,0,0,0,0,0,0
-0.733,-0.606,-0.5,0,1,0,0,1,0,1,0,0,0,0,0,1,0,0,0,0,0,1
1.0,-0.414,-0.667,1,0,0,0,0,0,1,0,0,0,1,1,0,0,0,0,0,0,1
-0.267,0.398,0.25,0,1,0,0,1,0,0,0,1,0,0,0,0,0,0,1,0,0,0
-0.733,0.504,0.5,0,1,0,0,0,1,0,0,0,0,0,1,0,0,0,0,0,0,0
-0.733,-0.196,0.0,0,1,0,0,1,0,0,0,0,0,0,0,0,0,1,0,0,0,1
1.0,3.792,2.5,0,0,1,1,1,0,0,0,0,1,0,0,0,0,0,0,0,0,0
-0.4,2.623,3.5,0,0,1,1,0,0,0,0,0,1,0,0,0,0,0,1,0,0,0
0.267,0.52,-1.0,0,1,0,1,0,1,0,0,0,0,0,1,0,0,0,0,0,0,0
-0.8,0.43,1.0,0,1,0,0,0,1,1,0,0,1,0,0,0,0,1,0,0,0,1
1.067,-0.644,-0.5,1,0,0,1,1,0,0,0,0,0,0,1,0,0,0,0,0,0,0
-0.4,0.511,0.25,0,1,0,1,1,0,0,0,0,1,0,0,0,0,0,0,0,0,0
-0.067,-0.303,0.0,0,1,0,1,1,0,0,0,0,0,0,1,0,0,0,0,0,0,1
0.333,0.612,2.5,0,1,0,1,1,0,0,0,0,1,0,0,0,0,0,0,0,0,1
-0.733,-0.177,-0.5,0,1,0,0,0,1,0,0,0,0,0,0,0,0,1,0,0,0,0
2.133,0.108,0.0,0,1,0,1,0,0,0,0,0,0,0,0,0,0,0,1,0,0,1
0.133,-0.131,-0.25,0,1,0,1,1,0,0,0,0,1,0,0,0,0,0,1,0,0,0
0.533,-0.078,-1.0,0,1,0,1,1,0,0,0,0,0,1,0,0,0,1,0,0,0,0
-0.267,-0.339,-0.75,0,1,0,1,1,0,1,0,0,1,0,1,0,0,0,0,0,0,1
0.2,0.661,2.0,0,1,0,1,1,0,0,1,0,1,0,0,0,0,1,0,0,0,0
2.067,0.58,-0.75,1,0,0,1,1,0,0,0,0,1,0,0,0,1,0,0,0,0,0
-0.333,0.514,0.5,0,1,0,0,1,0,0,0,0,0,0,0,0,0,0,1,0,0,0
0.733,-0.294,0.0,0,1,0,1,1,0,0,0,0,0,0,0,0,0,1,0,0,0,1
-0.667,-0.336,-0.25,0,1,0,1,1,0,0,0,0,1,0,0,0,0,0,1,0,0,0
-0.933,-0.13,-0.75,0,1,0,0,0,1,0,0,0,0,0,0,0,0,1,0,0,0,1
-0.533,-0.37,0.5,1,0,0,0,1,0,0,0,0,1,0,1,0,0,0,0,0,0,1
0.933,-0.355,-0.5,0,1,0,1,1,0,0,0,0,0,0,0,0,1,0,0,0,0,0
-0.333,-0.362,0.5,0,1,0,0,1,0,0,1,0,1,0,0,0,0,0,1,0,0,0
-0.8,5.115,3.5,0,1,0,1,1,0,0,0,0,0,0,0,0,0,0,1,0,0,0
0.067,-0.317,-0.5,0,1,0,0,1,0,0,0,0,0,0,0,0,0,0,1,0,0,0
-0.467,0.787,2.0,0,1,0,1,1,0,0,0,0,0,0,0,0,0,0,1,0,0,1
-0.4,-0.602,0.0,0,0,0,0,1,0,0,0,0,0,0,0,0,1,0,0,0,0,1
0.333,-0.388,-0.25,1,0,0,1,1,0,0,0,0,1,0,0,0,0,0,0,1,0,0
0.467,0.884,-0.25,0,0,1,1,1,0,1,0,0,1,0,0,0,1,0,0,0,0,1
0.0,-0.18,0.5,0,1,0,1,1,0,0,0,0,0,0,0,0,0,0,1,0,0,0
-0.067,-0.169,0.0,0,0,1,1,1,0,0,0,0,0,0,0,0,0,0,1,0,0,0
-0.4,2.171,1.5,0,1,0,1,0,1,0,0,0,1,0,0,0,0,0,0,0,0,1
-0.067,0.868,1.0,0,1,0,1,1,0,0,0,0,0,0,0,0,0,1,0,0,0,0
-0.467,-0.358,-0.5,0,1,0,0,1,0,0,1,0,1,0,1,0,0,0,0,0,0,1
0.333,-0.527,0.5,0,1,0,1,0,0,0,0,0,0,1,1,0,0,0,0,0,0,1
0.467,-0.627,-0.5,1,0,0,1,0,1,0,0,0,0,0,0,0,1,0,0,0,0,1
1.133,1.978,2.5,0,0,1,1,0,0,0,0,0,0,0,0,0,1,0,0,0,0,0
0.267,-0.152,-0.5,1,0,0,1,1,0,0,0,0,1,0,0,0,0,1,0,0,0,1
0.8,-0.006,0.5,0,1,0,1,1,0,0,0,0,0,0,1,0,0,0,0,0,0,1
0.6,2.212,1.5,0,0,1,1,1,0,1,0,0,1,0,1,0,0,0,0,0,0,1
0.133,0.01,0.5,0,1,0,1,1,0,0,0,0,0,0,1,0,0,0,0,0,0,0
-0.733,0.634,-0.333,0,1,0,1,0,0,0,0,0,0,0,1,0,0,0,0,0,0,0
0.533,-0.549,-0.5,1,0,0,1,1,0,0,0,0,1,0,1,0,0,0,0,0,0,1
0.267,3.032,2.5,0,1,0,1,1,0,0,0,0,1,0,0,0,0,0,1,0,0,0
-0.333,0.729,1.0,0,1,0,0,1,0,0,0,0,1,0,0,0,0,0,0,0,0,0
0.533,1.55,0.0,0,1,0,1,1,0,0,0,0,1,0,0,0,0,1,0,0,0,0
-0.667,-0.392,-0.5,0,1,0,1,0,1,0,0,0,0,1,0,0,0,0,1,0,0,0
-0.667,-0.545,-0.5,0,1,0,1,1,0,0,0,0,0,0,1,0,0,0,0,0,0,1
1.133,-0.03,0.25,0,1,0,1,1,0,0,0,0,0,0,0,0,0,1,0,0,0,0
0.133,-0.487,-1.0,0,0,1,1,1,0,0,0,0,1,0,0,0,0,1,0,0,0,0
1.133,-0.488,-1.0,1,0,0,0,1,0,0,0,0,0,1,0,0,1,0,0,0,0,0
-0.4,1.532,0.5,0,0,1,1,1,0,0,0,0,0,0,0,0,0,0,0,0,1,0
0.067,0.451,1.0,0,1,0,1,1,0,0,0,1,1,0,0,0,0,1,0,0,0,0
-0.4,0.495,2.5,0,1,0,0,1,0,0,0,0,0,0,0,0,0,0,0,0,0,0
0.667,0.968,-0.5,0,1,0,1,0,1,0,0,0,0,0,1,0,0,0,0,0,0,1
0.933,0.268,1.0,0,1,0,1,1,0,0,0,0,0,1,0,0,0,0,1,0,0,0
-0.4,0.698,0.5,1,0,0,1,1,0,1,0,0,1,0,0,0,0,0,0,0,0,0
-0.133,1.313,1.5,0,1,0,1,1,0,1,0,0,1,0,0,0,0,0,0,0,0,0
0.6,3.087,3.5,0,0,1,1,1,0,0,0,0,0,0,1,0,0,0,0,0,0,0
-0.6,-0.092,-1.0,0,1,0,1,1,0,0,1,0,1,0,1,0,0,0,0,0,0,0
0.533,0.1,0.25,1,0,0,1,1,0,0,1,0,1,0,0,0,0,0,0,0,0,1
-0.467,0.848,1.0,0,0,1,0,0,1,0,0,0,0,0,0,0,0,0,1,0,0,0
0.0,1.086,0.5,0,1,0,1,1,0,0,0,0,0,0,0,0,0,1,0,0,0,0
-0.6,1.257,4.5,0,1,0,1,1,0,1,0,0,1,0,0,0,0,0,1,0,0,1
2.067,0.025,0.5,1,0,0,1,0,1,0,0,0,0,0,0,0,0,0,1,0,0,0
-0.467,-0.332,0.0,0,1,0,0,1,0,0,0,0,0,0,0,0,0,0,1,0,0,0
1.533,-0.3,-1.0,0,1,0,0,1,0,0,0,0,0,0,0,0,1,0,0,0,0,0
0.267,-0.016,-0.5,0,1,0,1,0,0,0,0,0,1,0,0,0,0,0,1,0,0,0
0.0,-0.323,-0.25,0,1,0,1,1,0,0,0,0,0,0,0,0,0,0,1,0,0,0
0.933,1.068,0.5,0,1,0,1,0,0,0,0,0,0,0,0,0,0,0,1,0,0,0
-0.133,2.892,1.5,1,0,0,1,1,0,1,0,0,1,0,0,0,0,0,0,0,0,0
0.067,1.614,3.5,0,1,0,1,0,0,0,0,0,1,0,1,0,0,0,0,0,0,0
-0.4,-0.373,-0.667,0,1,0,1,1,0,0,0,0,0,1,0,0,0,0,1,0,0,0
-0.2,0.208,1.5,0,1,0,1,0,0,1,0,0,1,0,1,0,0,0,0,0,0,0
0.133,0.166,-0.75,0,1,0,1,1,0,1,0,0,1,0,0,0,0,0,1,0,0,0
-0.133,0.511,-0.5,0,1,0,1,1,0,0,0,1,0,0,1,0,0,0,0,0,0,0
-0.533,-0.516,-0.25,0,1,0,1,1,0,0,0,0,0,0,0,0,0,1,0,0,0,0
-0.533,0.119,-0.25,1,0,0,0,1,0,1,0,0,1,0,0,0,0,0,0,1,0,0
-0.267,0.221,0.5,0,1,0,1,1,0,1,0,0,1,0,0,0,0,0,1,0,0,0
0.733,0.919,-1.0,1,0,0,1,1,0,0,0,0,0,0,1,0,0,0,0,0,0,0
-0.333,-0.014,0.5,0,1,0,1,1,0,0,0,0,0,0,0,0,0,0,1,0,0,0
1.133,-0.416,-1.0,0,1,0,1,0,1,0,1,0,1,0,1,0,0,0,0,0,0,0
-0.267,-0.467,-0.5,0,1,0,1,1,0,0,0,0,1,0,0,0,0,0,1,0,0,0
0.333,-0.535,-0.5,0,0,0,0,1,0,0,0,0,0,0,1,0,0,0,0,0,0,0
-0.6,-0.199,0.0,0,1,0,1,1,0,0,0,0,0,0,0,0,0,0,1,0,0,0
0.467,-0.159,-0.25,0,0,1,1,0,1,0,0,0,0,1,0,0,1,0,0,0,0,0
-0.267,-0.459,-0.5,1,0,0,0,0,1,0,1,0,1,0,0,0,0,1,0,0,0,1
0.867,1.539,2.5,0,1,0,1,0,0,0,0,0,0,0,1,0,0,0,0,0,0,1
0.933,-0.362,0.5,0,1,0,0,0,0,1,0,0,0,1,0,0,0,0,1,0,0,0
0.533,0.07,1.0,0,1,0,1,1,0,1,0,0,1,0,0,0,0,0,0,0,0,0
-0.067,0.08,0.75,0,1,0,0,1,0,0,0,0,1,0,0,0,0,0,0,0,0,0
0.133,1.153,-0.25,0,1,0,0,0,0,0,1,0,1,0,1,0,0,0,0,0,0,0
-0.6,1.627,2.5,0,1,0,1,1,0,1,0,0,1,0,1,0,0,0,0,0,0,1
-0.533,0.249,-0.5,0,1,0,0,0,1,0,0,0,1,0,0,0,0,1,0,0,0,1
-0.533,-0.427,-0.75,0,1,0,0,1,0,0,0,0,1,0,0,0,0,0,1,0,0,0
0.267,-0.077,-0.75,1,0,0,1,1,0,0,0,0,1,0,0,0,0,0,1,0,0,0
-0.067,-0.649,0.0,0,0,1,1,1,0,0,1,0,1,0,0,0,0,0,1,0,0,0
0.133,-0.43,-1.0,0,1,0,0,0,0,0,0,0,0,0,0,0,1,0,0,0,0,1
0.867,0.06,0.25,0,0,1,1,1,0,0,0,0,1,0,1,0,0,0,0,0,0,0
-0.533,-0.453,-0.75,1,0,0,1,1,0,0,0,0,0,0,0,0,0,0,1,0,0,0
-0.4,4.491,3.5,0,0,1,1,1,0,0,0,0,1,0,1,0,0,0,0,0,0,1
2.0,2.024,1.0,0,1,0,1,1,0,0,0,0,1,0,1,0,0,0,0,0,0,0
0.467,0.291,1.0,0,1,0,1,1,0,0,0,0,1,0,0,0,0,0,1,0,0,0
-0.067,-0.312,0.0,0,0,1,1,0,0,0,0,0,0,0,0,0,0,0,1,0,0,0
-0.133,0.318,0.5,0,1,0,1,1,0,0,0,0,0,1,0,0,0,0,1,0,0,0
-0.133,1.469,0.167,0,1,0,1,1,0,1,0,0,1,0,1,0,0,0,0,0,0,0
0.067,-0.377,-0.75,0,0,1,1,1,0,0,0,0,0,1,0,0,0,0,1,0,0,1
-0.6,-0.724,-1.0,0,1,0,0,0,1,0,0,1,1,0,0,0,1,0,0,0,0,1
-0.6,-0.419,-0.5,1,0,0,0,1,0,0,0,0,0,0,1,0,0,0,0,0,0,1
2.2,-0.587,-0.75,1,0,0,0,1,0,0,1,0,1,0,0,0,0,0,1,0,0,0
-0.8,0.096,0.75,0,1,0,0,0,1,0,0,0,0,0,1,0,0,0,0,0,0,1
0.533,-0.794,-1.0,1,0,0,0,1,0,0,0,1,1,0,1,0,0,0,0,0,0,0
0.933,-0.385,-0.25,1,0,0,1,1,0,0,1,0,1,0,0,0,0,0,1,0,0,0
-0.533,-0.168,0.0,0,1,0,0,0,1,0,0,0,0,0,0,0,0,0,1,0,0,1
1.733,1.571,2.5,0,1,0,0,0,1,0,0,0,1,0,0,0,0,0,0,0,0,1
0.2,-0.401,0.5,0,1,0,1,1,0,0,0,1,0,1,0,0,0,0,0,0,0,0
0.0,1.567,0.5,0,1,0,1,1,0,0,0,0,1,0,0,0,0,0,1,0,0,0
-0.8,-0.128,0.5,1,0,0,1,0,1,0,0,0,0,0,0,0,0,0,1,0,0,1
0.733,-0.598,-0.833,1,0,0,0,1,0,0,0,0,1,0,0,0,0,0,1,0,0,0
-0.333,0.109,0.5,0,1,0,0,0,1,0,0,1,1,0,1,0,0,0,0,0,0,0
0.267,0.407,-1.167,0,1,0,0,1,0,0,0,0,0,0,1,0,0,0,0,0,0,0
-0.267,0.641,1.5,0,0,0,0,1,0,0,0,0,1,0,0,1,0,0,0,0,0,0
-0.667,3.545,0.5,0,0,1,0,0,1,0,0,0,1,0,1,0,0,0,0,0,0,1
0.133,0.79,0.0,1,0,0,1,1,0,1,0,0,0,0,1,0,0,0,0,0,0,0
0.8,1.704,-1.0,0,0,1,1,1,0,0,0,0,0,0,1,0,0,0,0,0,0,0
-0.467,0.752,1.0,1,0,0,0,0,1,1,0,0,1,0,0,0,0,0,0,0,0,1
-0.067,0.002,0.5,0,1,0,1,1,0,1,0,0,0,0,1,0,0,0,0,0,0,0
-0.667,-0.488,-0.667,1,0,0,1,1,0,0,0,0,1,0,0,0,0,0,1,0,0,0
0.533,0.322,0.25,0,1,0,1,1,0,0,0,0,1,0,0,0,0,0,1,0,0,0
-0.733,0.063,0.5,0,1,0,1,1,0,0,1,0,0,0,0,0,0,1,0,0,0,0
-0.2,4.55,1.75,0,0,1,1,1,0,0,0,0,0,0,0,0,0,1,0,0,0,0
-0.333,-0.2,-0.417,1,0,0,1,1,0,0,0,0,0,0,0,0,0,0,0,0,0,0
-0.667,0.073,-0.25,0,1,0,0,0,1,0,0,0,0,0,1,0,0,0,0,0,0,0
0.267,-0.401,-0.5,1,0,0,0,1,0,0,0,0,0,0,1,0,0,0,0,0,0,1
-0.467,1.123,0.25,0,1,0,1,1,0,0,0,0,1,0,1,0,0,0,0,0,0,0
0.0,0.272,-0.25,0,1,0,1,1,0,0,0,0,0,0,1,0,0,0,0,0,0,0
1.067,-0.726,-1.0,0,1,0,0,1,0,0,0,0,0,0,0,0,0,1,0,0,0,0
-0.667,-0.515,0.0,1,0,0,0,1,0,0,0,0,0,0,1,0,0,0,0,0,0,1
-0.667,-0.567,-0.5,1,0,0,0,0,1,1,0,0,1,0,0,0,0,0,0,0,0,0
-0.533,1.324,1.0,0,1,0,0,1,0,0,0,0,0,0,0,0,0,0,1,0,0,0
1.467,-0.293,-0.5,0,1,0,1,0,0,0,0,1,1,0,0,0,0,0,0,1,0,1
-0.067,-0.397,0.5,0,1,0,0,0,1,0,0,0,0,0,1,0,0,0,0,0,0,1
2.733,-0.391,-1.0,0,0,0,1,1,0,0,0,0,0,1,1,0,0,0,0,0,0,0
0.4,-0.402,-0.25,0,1,0,1,0,0,0,0,0,0,1,0,0,0,0,1,0,0,1
-0.133,-0.355,0.5,0,1,0,1,1,0,0,0,0,0,0,1,0,0,0,0,0,0,0
0.133,-0.625,-0.5,0,1,0,1,1,0,0,0,0,0,0,1,0,0,0,0,0,0,1
1.733,1.046,-0.25,0,1,0,0,1,0,0,0,0,1,0,1,0,0,0,0,0,0,0
-0.6,-0.075,0.0,0,1,0,0,0,1,0,0,0,0,0,0,0,0,1,0,0,0,1
-0.6,-0.04,-0.5,1,0,0,1,1,0,0,0,0,0,0,0,0,0,0,1,0,0,0
-0.2,3.974,0.25,0,0,1,1,0,0,0,0,0,1,0,1,0,0,0,0,0,0,1
-0.4,0.055,0.5,0,1,0,1,1,0,1,0,0,1,0,1,0,0,0,0,0,0,0
0.467,-0.447,-0.5,1,0,0,1,1,0,0,0,0,1,0,0,0,0,0,1,0,0,0
-0.133,0.302,1.0,1,0,0,1,1,0,0,0,0,0,0,0,0,0,1,0,0,0,1
-0.133,0.223,-0.667,0,1,0,0,0,1,0,0,0,1,0,1,0,0,0,0,0,0,0
-0.333,0.498,-0.5,0,1,0,1,0,1,0,0,0,1,0,0,0,0,1,0,0,0,0
2.0,-0.255,-0.5,1,0,0,1,1,0,0,0,0,0,0,0,0,0,0,1,0,0,0
-0.467,0.189,0.5,0,1,0,0,0,1,0,0,0,0,0,1,0,0,0,0,0,0,0
-0.533,2.204,1.5,0,0,1,0,1,0,0,0,0,0,0,0,0,1,0,0,0,0,1
0.2,0.367,0.25,0,0,1,1,1,0,0,0,0,0,0,1,0,0,0,0,0,0,0
1.267,-0.037,0.5,0,1,0,1,1,0,1,0,0,1,0,0,0,0,0,1,0,0,0
2.2,-0.322,-0.5,0,0,0,1,0,0,0,1,0,0,1,1,0,0,0,0,0,0,0
-0.533,-0.364,0.5,0,1,0,0,0,1,0,0,0,0,0,1,0,0,0,0,0,0,1
0.267,0.466,1.5,0,1,0,1,1,0,0,0,0,0,0,1,0,0,0,0,0,0,0
-0.533,0.456,0.0,0,1,0,0,1,0,0,0,0,0,0,0,0,0,0,1,0,0,0
0.333,1.301,1.5,0,0,1,1,1,0,0,0,1,1,0,1,0,0,0,0,0,0,0
2.267,0.596,0.0,0,1,0,0,1,0,0,0,0,1,0,0,0,0,0,0,1,0,0
-0.533,1.003,1.75,0,1,0,1,1,0,0,0,0,1,0,0,0,0,0,1,0,0,1
1.8,-0.146,0.5,0,1,0,1,1,0,0,0,1,1,0,1,0,0,0,0,0,0,0
-0.133,-0.349,-0.5,1,0,0,1,1,0,0,0,0,1,0,0,0,1,0,0,0,0,0
-0.667,-0.569,-0.5,1,0,0,0,1,0,1,0,0,1,0,1,0,0,0,0,0,0,1
1.8,1.591,0.167,0,0,1,1,1,0,0,0,0,1,0,1,0,0,0,0,0,0,0
0.133,-0.145,0.0,1,0,0,1,1,0,0,0,1,1,0,0,0,0,0,0,0,0,0
0.467,0.136,0.333,0,1,0,1,1,0,0,1,0,1,0,0,0,0,0,1,0,0,0
0.333,0.166,2.5,0,1,0,1,1,0,0,0,0,1,0,1,0,0,0,0,0,0,0
1.133,1.498,2.5,0,1,0,1,0,0,0,0,0,1,0,0,0,1,0,0,0,0,1
-0.4,1.411,1.833,0,1,0,1,1,0,0,0,0,0,0,0,0,1,0,0,0,0,1
0.4,-0.434,0.25,0,1,0,0,1,0,0,0,0,1,0,0,0,0,0,0,0,0,1
0.533,1.532,0.5,0,0,1,1,1,0,0,0,0,1,0,1,0,0,0,0,0,0,0
-0.4,-0.421,-1.0,0,1,0,1,1,0,0,0,0,1,0,0,0,0,1,0,0,0,0
1.2,0.22,0.5,0,1,0,1,0,0,0,0,0,0,1,0,0,0,1,0,0,0,0
-0.067,0.285,0.5,0,1,0,1,0,1,0,1,0,1,0,0,0,0,1,0,0,0,0
-0.733,-0.007,-0.75,0,1,0,0,0,1,1,0,0,1,0,0,0,0,1,0,0,0,0
1.2,1.992,0.0,0,1,0,1,0,0,0,0,0,0,0,1,0,0,0,0,0,0,1
-0.733,-0.407,-0.5,1,0,0,0,0,1,0,0,0,0,0,0,0,0,1,0,0,0,0
1.4,-0.615,0.5,0,1,0,1,1,0,0,0,0,1,0,1,0,0,0,0,0,0,0
0.133,-0.296,-0.75,0,0,0,1,1,0,0,0,0,1,0,1,0,0,0,0,0,0,0
1.4,-0.277,0.5,0,1,0,1,0,0,0,0,0,0,0,0,0,1,0,0,0,0,0
1.0,-0.201,0.0,1,0,0,0,0,1,0,0,0,1,0,0,0,0,0,1,0,0,0
-0.6,0.749,0.167,0,1,0,0,1,0,0,0,0,0,0,0,0,0,1,0,0,0,0
0.133,-0.515,-0.5,0,1,0,1,1,0,0,0,0,1,0,0,0,0,0,1,0,0,0
-0.6,1.977,-0.5,0,0,0,0,0,1,0,0,0,1,0,1,0,0,0,0,0,0,0
-0.6,2.667,1.5,0,1,0,1,1,0,0,0,0,0,0,1,0,0,0,0,0,0,1
-0.467,-0.663,-1.0,1,0,0,1,1,0,0,0,0,1,0,0,0,0,0,1,0,0,0
2.133,-0.533,-0.5,0,1,0,1,1,0,0,0,0,1,0,0,0,0,0,1,0,0,0
1.467,2.671,2.0,0,0,1,1,0,0,0,0,0,1,0,1,0,0,0,0,0,0,0
-0.467,-0.208,-0.25,0,0,0,0,0,1,0,0,0,1,0,1,0,0,0,0,0,0,1
-0.467,-0.542,-0.833,0,1,0,1,1,0,0,0,0,1,0,0,0,0,0,0,0,0,0
-0.333,-0.704,-1.0,1,0,0,1,1,0,0,0,0,1,0,0,0,0,0,1,0,0,0
-0.6,2.804,1.5,0,1,0,1,1,0,0,0,0,0,0,1,0,0,0,0,0,0,1
1.4,0.281,2.5,0,1,0,1,1,0,0,0,0,0,0,0,1,0,0,0,0,0,1
0.867,0.618,2.5,0,1,0,1,0,0,0,0,0,0,0,1,0,0,0,0,0,0,1
1.4,1.961,1.5,0,1,0,0,0,1,0,0,0,1,0,1,0,0,0,0,0,0,0
1.933,-0.377,-1.0,0,1,0,1,1,0,0,1,0,1,0,0,1,0,0,0,0,0,0
-0.6,-0.294,-1.0,0,1,0,0,0,1,0,0,0,0,0,0,0,0,0,1,0,0,0
0.667,5.193,1.5,0,0,1,1,1,0,0,0,0,0,0,0,0,0,0,0,0,1,0
-0.467,-0.374,0.0,0,1,0,1,1,0,0,0,0,0,0,0,0,0,0,1,0,0,1
-0.4,-0.467,-0.5,0,1,0,1,1,0,0,0,0,0,0,1,0,0,0,0,0,0,0
-0.6,0.267,-0.5,0,1,0,1,1,0,0,0,0,0,1,0,0,0,0,1,0,0,0
0.533,0.151,1.5,0,1,0,1,1,0,0,0,0,0,0,0,0,0,1,0,0,0,1
0.933,-0.609,-0.833,1,0,0,1,1,0,0,0,0,0,0,1,0,0,0,0,0,0,0
0.133,0.56,0.0,0,0,1,1,1,0,0,0,0,0,0,0,0,0,1,0,0,0,0
-0.2,-0.275,0.25,0,1,0,1,1,0,0,0,0,0,0,1,0,0,0,0,0,0,0
0.0,0.632,0.0,0,1,0,0,0,1,0,0,0,0,0,1,0,0,0,0,0,0,1
0.2,0.708,0.0,0,1,0,1,1,0,0,0,0,0,0,0,0,0,0,0,0,0,1
0.933,2.308,1.5,0,1,0,1,0,0,0,0,0,0,0,1,0,0,0,0,0,0,1
0.333,1.673,2.5,0,1,0,1,0,0,0,0,0,1,0,0,0,0,0,0,0,0,0
0.733,0.021,0.5,0,1,0,1,1,0,0,1,0,1,0,0,0,0,0,0,0,0,0
-0.667,-0.423,0.0,0,1,0,0,0,1,0,0,0,0,0,1,0,0,0,0,0,0,1
-0.267,3.643,2.25,0,1,0,1,0,1,0,0,0,0,0,0,0,0,0,0,0,0,1
0.6,1.061,0.5,0,1,0,0,1,0,0,0,0,1,0,0,0,0,0,1,0,0,0
-0.533,0.003,-0.25,1,0,0,0,1,0,0,0,0,0,1,0,0,0,0,1,0,0,1
1.0,-0.475,-0.5,0,1,0,1,1,0,0,0,0,0,0,1,0,0,0,0,0,0,1
-0.8,-0.55,-0.5,0,1,0,0,1,0,0,0,0,1,0,0,0,0,0,1,0,0,0
-0.667,-0.659,-1.167,1,0,0,0,0,1,0,0,0,0,0,0,0,0,1,0,0,0,0
2.0,0.245,0.5,0,1,0,1,1,0,0,0,0,0,0,1,0,0,0,0,0,0,0
0.867,0.112,0.5,0,1,0,1,1,0,0,0,0,0,0,0,0,0,0,1,0,0,0
-0.267,1.097,1.5,0,1,0,1,1,0,0,0,0,0,0,0,0,0,1,0,0,0,1
-0.333,0.258,0.25,1,0,0,1,1,0,0,0,0,0,0,1,0,0,0,0,0,0,0
-0.667,-0.144,0.0,0,1,0,0,1,0,0,0,0,0,0,0,0,0,0,0,1,0,1
1.133,-0.292,0.5,0,1,0,1,1,0,0,0,0,0,0,0,0,0,0,0,0,0,0
0.933,0.423,0.0,0,1,0,1,1,0,0,0,0,0,0,0,0,0,1,0,0,0,0
0.133,0.635,0.25,0,1,0,1,1,0,0,0,0,1,0,0,0,0,1,0,0,0,0
2.333,1.704,0.0,0,1,0,1,0,1,0,0,0,1,0,1,0,0,0,0,0,0,1
-0.333,-0.411,0.5,0,1,0,1,1,0,0,0,0,0,0,1,0,0,0,0,0,0,0
1.733,-0.367,-0.75,0,1,0,1,1,0,0,0,0,0,0,0,0,0,0,1,0,0,0
1.6,-0.618,-0.5,1,0,0,1,1,0,0,0,0,0,0,0,0,0,0,1,0,0,1
0.0,-0.032,0.167,0,1,0,1,0,1,0,0,0,0,0,1,0,0,0,0,0,0,1
0.667,0.661,0.5,0,1,0,1,1,0,0,0,0,1,0,1,0,0,0,0,0,0,0
0.133,-0.326,-0.25,0,1,0,1,0,0,0,0,0,0,0,0,0,0,0,1,0,0,0
-0.067,-0.337,0.0,1,0,0,1,0,0,0,0,0,0,0,1,0,0,0,0,0,0,1
0.8,3.282,1.5,0,1,0,1,1,0,0,0,0,0,0,1,0,0,0,0,0,0,0
0.0,-0.324,0.5,0,1,0,1,1,0,1,0,0,1,0,1,0,0,0,0,0,0,0
0.467,-0.547,-0.667,0,1,0,0,1,0,0,0,0,1,0,0,0,1,0,0,0,0,0
-0.333,0.393,-0.25,0,1,0,1,0,0,0,0,0,0,0,0,0,0,1,0,0,0,0
-0.267,0.629,-0.25,0,1,0,0,1,0,0,0,0,0,0,1,0,0,0,0,0,0,1
-0.467,0.482,-0.75,0,1,0,1,0,1,1,0,0,1,0,1,0,0,0,0,0,0,0
-0.4,1.337,0.5,0,1,0,1,1,0,0,0,1,1,0,1,0,0,0,0,0,0,0
-0.333,-0.058,0.0,0,1,0,1,1,0,0,0,0,0,0,0,0,0,0,0,0,0,1
0.133,0.046,0.5,0,1,0,0,1,0,0,0,0,0,0,0,0,0,0,1,0,0,1
-0.067,0.846,0.75,1,0,0,1,1,0,0,0,1,1,0,0,0,0,1,0,0,0,0
-0.533,-0.042,-0.667,1,0,0,1,0,1,0,0,0,0,0,0,0,0,1,0,0,0,1
-0.867,-0.038,-0.25,0,1,0,0,0,1,0,1,0,1,0,0,0,0,1,0,0,0,0
-0.4,0.027,0.0,0,1,0,0,1,0,0,0,0,0,0,0,0,0,0,1,0,0,0
0.6,0.388,-0.5,0,1,0,1,1,0,0,0,0,0,0,0,0,0,1,0,0,0,0
0.267,1.952,1.5,0,1,0,1,1,0,0,0,0,1,0,0,0,0,0,0,0,0,0
-0.6,-0.64,-0.5,0,1,0,0,0,1,0,0,0,0,0,0,0,0,1,0,0,0,0
0.467,2.056,1.5,0,1,0,0,1,0,0,1,0,1,0,0,0,0,1,0,0,0,0
0.867,-0.375,-1.0,0,1,0,1,1,0,0,0,0,0,1,1,0,0,0,0,0,0,0
-0.467,-0.36,0.5,0,1,0,1,1,0,1,0,0,0,0,0,0,0,0,0,0,0,0
-0.6,-0.555,-0.25,0,1,0,0,1,0,0,0,0,1,0,0,1,0,0,0,0,0,0
-0.267,0.487,-0.5,1,0,0,1,1,0,0,0,0,0,0,0,0,0,1,0,0,0,0
0.467,-0.383,-0.583,0,1,0,0,1,0,0,0,1,1,0,1,0,0,0,0,0,0,0
0.2,-0.146,0.0,0,0,1,1,0,0,0,0,0,0,0,0,0,0,0,1,0,0,0
-0.333,0.489,1.5,0,1,0,1,1,0,0,0,0,0,0,0,0,0,0,1,0,0,0
-0.4,-0.344,-0.75,0,0,1,1,0,0,0,0,0,0,0,1,0,0,0,0,0,0,1
0.2,1.697,1.0,0,1,0,1,1,0,0,0,0,1,0,0,0,0,0,1,0,0,0
0.333,2.108,0.5,0,0,1,1,1,0,0,0,0,0,0,1,0,0,0,0,0,0,0
1.0,2.669,0.5,0,1,0,1,0,0,0,0,0,1,0,1,0,0,0,0,0,0,0
0.2,-0.053,1.0,0,1,0,1,1,0,0,0,0,1,0,1,0,0,0,0,0,0,0
2.133,-0.469,0.0,0,0,0,0,1,0,0,0,0,0,0,0,0,0,0,1,0,0,0
0.667,0.667,0.5,0,1,0,1,1,0,0,0,0,1,0,0,0,0,1,0,0,0,1
1.333,-0.585,-0.5,0,1,0,0,1,0,0,0,0,0,0,0,0,1,0,0,0,0,1
0.067,0.194,0.5,0,1,0,1,1,0,0,0,0,1,0,0,0,0,0,0,0,0,0
-0.667,5.122,2.5,0,1,0,1,1,0,0,0,0,1,0,0,0,0,0,0,0,0,1
0.067,1.647,1.5,0,0,1,1,1,0,0,0,0,0,0,1,0,0,0,0,0,0,0
0.467,2.112,0.833,0,1,0,1,0,1,0,0,0,1,0,1,0,0,0,0,0,0,0
0.667,0.047,0.75,0,0,1,1,1,0,0,0,0,0,0,0,0,0,0,0,0,0,0
0.867,-0.188,-0.25,0,1,0,1,1,0,0,0,0,0,0,0,0,0,0,1,0,0,0
0.333,-0.057,-0.5,1,0,0,1,1,0,0,0,0,0,0,1,0,0,0,0,0,0,0
0.067,1.335,1.5,0,1,0,1,1,0,0,0,0,1,0,1,0,0,0,0,0,0,0
-0.267,-0.441,0.0,0,1,0,1,1,0,0,0,0,1,0,0,0,0,0,1,0,0,0
-0.133,2.542,1.5,0,0,1,1,1,0,0,0,0,1,0,1,0,0,0,0,0,0,0
-0.333,0.11,0.25,0,0,1,0,0,1,0,0,0,0,0,0,0,0,0,1,0,0,0
0.133,-0.279,-0.5,0,1,0,0,1,0,0,0,1,1,0,0,0,0,1,0,0,0,0
0.0,-0.051,-0.25,1,0,0,0,0,1,0,0,0,1,0,0,0,0,1,0,0,0,0
0.6,0.703,0.0,0,1,0,1,1,0,0,0,0,0,0,0,0,0,1,0,0,0,1
0.667,0.117,-0.167,0,1,0,1,0,1,0,0,0,0,0,1,0,0,0,0,0,0,1
0.733,0.447,0.167,0,1,0,1,1,0,0,0,0,1,0,1,0,0,0,0,0,0,0
0.6,3.129,1.5,0,1,0,1,0,0,0,0,0,1,0,1,0,0,0,0,0,0,0
0.467,-0.358,-0.25,0,1,0,1,0,1,0,0,0,1,0,0,0,0,0,1,0,0,0
0.2,-0.4,0.5,0,0,1,1,1,0,0,0,0,0,0,0,0,0,0,1,0,0,0
-0.867,-0.465,-0.5,0,0,1,1,0,1,0,0,0,0,0,0,0,0,0,1,0,0,0
-0.6,0.554,0.25,1,0,0,1,1,0,0,0,0,0,0,1,0,0,0,0,0,0,0
-0.4,0.534,1.5,0,1,0,1,1,0,0,0,0,1,0,0,0,1,0,0,0,0,0
0.867,0.489,-0.25,1,0,0,0,1,0,0,0,0,0,0,1,0,0,0,0,0,0,0
0.0,0.336,-0.75,1,0,0,0,1,0,0,0,0,1,0,1,0,0,0,0,0,0,0
0.067,0.819,1.5,0,1,0,0,1,0,0,0,0,0,0,0,0,0,0,1,0,0,0
-0.533,0.927,0.5,1,0,0,0,1,0,0,0,0,1,0,0,0,0,1,0,0,0,1
-0.533,0.258,1.0,0,1,0,0,1,0,0,0,0,1,0,0,0,0,0,1,0,0,0
-0.333,-0.068,-0.583,0,1,0,1,1,0,0,0,1,1,0,0,0,0,0,0,0,0,0
-0.133,0.323,0.5,0,1,0,1,0,1,0,0,0,0,0,0,0,0,0,0,0,0,1
-0.067,6.178,2.5,0,0,1,0,1,0,0,0,0,1,0,0,0,0,0,0,0,1,1
-0.067,0.203,-0.667,0,1,0,1,1,0,1,0,0,1,0,1,0,0,0,0,0,0,0
2.333,4.825,-1.0,0,0,1,1,1,0,0,0,0,0,0,1,0,0,0,0,0,0,1
0.0,0.015,0.5,0,1,0,1,1,0,1,0,0,0,0,0,0,0,1,0,0,0,1
0.4,0.393,0.5,0,0,1,1,0,1,0,0,0,0,0,0,0,0,1,0,0,0,1
-0.333,-0.193,0.0,0,1,0,0,1,0,0,0,0,0,0,0,0,0,1,0,0,0,0
0.267,4.001,2.5,0,0,1,1,1,0,0,1,0,1,0,0,0,0,0,1,0,0,0
-0.733,-0.366,-0.75,0,1,0,0,0,1,0,0,0,0,0,0,0,0,0,1,0,0,1
-0.2,-0.122,-0.5,0,1,0,1,0,1,0,0,0,1,0,1,0,0,0,0,0,0,0
1.467,1.746,0.5,0,1,0,1,1,0,0,0,0,0,0,0,0,0,1,0,0,0,1
0.867,-0.622,-0.5,0,1,0,1,1,0,0,0,0,0,0,1,0,0,0,0,0,0,1
-0.8,-0.487,0.0,0,1,0,0,0,1,0,0,0,0,0,0,0,0,1,0,0,0,0
0.4,3.06,2.5,0,1,0,1,0,0,0,0,0,0,0,1,0,0,0,0,0,0,1
1.667,-0.174,1.0,0,1,0,1,1,0,0,0,0,1,0,0,0,0,0,1,0,0,0
0.667,-0.374,-0.5,1,0,0,1,1,0,0,0,0,0,0,1,0,0,0,0,0,0,0
-0.6,-0.22,0.5,1,0,0,1,1,0,0,0,0,0,0,0,0,0,1,0,0,0,0
-0.733,-0.249,-0.75,0,1,0,0,1,0,0,0,0,1,0,0,0,0,0,1,0,0,1
-0.2,-0.42,-0.75,0,1,0,1,1,0,0,0,0,0,0,1,0,0,0,0,0,0,0
0.6,-0.69,-0.5,0,1,0,1,1,0,0,1,0,1,0,0,0,0,0,1,0,0,0
-0.667,-0.315,-0.5,0,1,0,0,1,0,0,0,0,0,0,0,0,0,0,1,0,0,0
-0.2,-0.154,1.0,0,0,1,1,1,0,1,0,0,1,0,0,0,0,0,1,0,0,1
-0.333,-0.604,-0.75,1,0,0,0,1,0,0,0,0,0,1,0,0,0,0,1,0,0,1
-0.2,-0.098,-1.0,0,0,1,1,0,1,0,0,0,1,0,0,0,0,0,1,0,0,0
0.6,1.522,3.5,0,1,0,1,0,0,0,0,0,1,0,0,0,1,0,0,0,0,1
0.867,1.735,0.5,0,0,1,1,1,0,0,0,0,1,0,1,0,0,0,0,0,0,0
0.8,0.463,-0.5,0,0,1,1,1,0,0,0,0,1,0,1,0,0,0,0,0,0,0
-0.133,-0.297,-0.667,1,0,0,1,1,0,0,0,0,0,0,1,0,0,0,0,0,0,0
-0.133,-0.533,0.5,0,1,0,1,1,0,0,0,0,1,0,0,0,0,1,0,0,0,0
0.6,-0.332,-1.167,1,0,0,1,1,0,0,0,0,0,0,1,0,0,0,0,0,0,0
0.867,-0.182,-0.25,0,1,0,0,0,1,0,0,0,0,0,0,0,0,1,0,0,0,0
-0.2,2.316,2.5,0,1,0,0,1,0,0,1,0,1,0,1,0,0,0,0,0,0,0
-0.2,0.395,0.5,0,1,0,1,0,0,0,1,0,0,0,0,0,0,1,0,0,0,1
0.333,0.207,-0.5,0,0,1,1,1,0,0,0,0,1,0,1,0,0,0,0,0,0,0
0.667,-0.302,0.0,1,0,0,1,1,0,0,0,0,0,0,0,0,0,1,0,0,0,1
-0.133,0.499,0.5,0,1,0,1,1,0,1,0,0,1,0,0,0,0,0,1,0,0,1
0.467,0.487,0.0,0,0,0,1,1,0,0,0,0,1,0,0,0,0,0,0,0,0,0
-0.6,-0.067,1.5,0,1,0,1,1,0,0,0,0,0,0,0,0,0,0,0,0,0,1
-0.333,0.688,0.5,0,1,0,0,0,1,0,1,0,1,0,1,0,0,0,0,0,0,1
-0.467,3.32,1.5,0,0,1,0,1,0,0,0,0,0,0,0,0,0,1,0,0,0,1
-0.267,-0.164,-0.5,0,1,0,0,1,0,0,0,0,0,0,1,0,0,0,0,0,0,0
1.6,-0.418,0.5,0,0,1,0,0,1,0,0,1,0,0,0,0,0,0,1,0,0,0
1.067,0.513,1.0,1,0,0,1,1,0,0,0,0,0,1,0,0,0,0,1,0,0,0
0.267,-0.447,-0.75,1,0,0,1,1,0,0,0,0,1,0,0,0,0,0,1,0,0,0
0.8,0.647,0.833,1,0,0,1,1,0,0,0,0,0,0,1,0,0,0,0,0,0,1
-0.2,0.288,0.5,0,1,0,1,0,0,1,0,0,1,0,0,0,0,1,0,0,0,0
-0.2,-0.222,-1.0,0,1,0,1,0,1,0,0,0,0,0,0,0,0,0,1,0,0,0
0.933,0.013,0.25,0,1,0,1,1,0,0,0,0,1,0,1,0,0,0,0,0,0,0
-0.267,0.474,-0.25,0,1,0,1,1,0,0,0,0,1,0,1,0,0,0,0,0,0,0
0.133,0.03,0.5,0,1,0,1,1,0,0,1,0,1,0,0,0,0,0,1,0,0,1
-0.733,-0.716,-1.0,1,0,0,1,1,0,0,0,0,1,0,0,0,0,0,0,1,0,0
-0.467,-0.232,1.0,0,1,0,0,1,0,0,0,0,1,0,0,0,0,0,1,0,0,0
-0.667,0.077,0.75,1,0,0,1,1,0,0,1,0,1,0,0,0,0,0,1,0,0,1
1.4,0.479,-0.25,0,0,1,0,0,1,0,0,0,0,0,0,0,0,0,1,0,0,0
-0.267,1.859,2.0,0,1,0,1,0,1,0,0,0,1,0,0,0,0,0,1,0,0,0
0.467,0.621,-0.583,1,0,0,1,1,0,0,0,0,0,0,1,0,0,0,0,0,0,0
-0.733,-0.309,-0.25,0,1,0,1,1,0,1,0,0,1,0,0,0,0,0,0,1,0,0
0.667,1.946,0.5,1,0,0,1,1,0,0,0,0,0,0,1,0,0,0,0,0,0,0
-0.267,-0.432,0.5,0,0,0,0,0,1,0,0,0,0,0,1,0,0,0,0,0,0,1
0.2,1.909,3.5,0,1,0,1,0,1,0,0,0,0,0,0,0,0,0,0,0,0,1
0.0,0.196,1.0,0,1,0,0,1,0,0,0,0,0,0,0,0,0,0,1,0,0,0
1.6,-0.407,0.5,1,0,0,0,1,0,0,1,0,0,1,0,0,0,0,1,0,0,0
2.067,-0.601,-1.0,0,1,0,0,1,0,0,0,0,1,0,0,0,0,0,1,0,0,0
0.6,0.041,0.0,0,1,0,1,1,0,0,0,0,1,0,0,0,0,0,0,0,0,0
0.933,0.084,0.5,1,0,0,1,1,0,0,0,0,0,0,1,0,0,0,0,0,0,1
-0.533,-0.405,-0.25,0,1,0,1,0,1,1,0,0,1,0,1,0,0,0,0,0,0,1
1.067,2.327,1.0,0,1,0,1,1,0,0,0,0,1,0,0,0,0,1,0,0,0,1
0.0,0.968,2.5,0,0,1,1,0,1,0,0,0,0,0,0,0,0,0,0,0,0,1
-0.333,0.232,0.25,0,0,1,0,1,0,1,0,0,0,1,1,0,0,0,0,0,0,0
-0.467,2.267,1.5,0,1,0,1,1,0,0,0,0,0,0,1,0,0,0,0,0,0,1
-0.2,-0.112,0.5,1,0,0,1,1,0,0,0,0,0,0,0,0,0,1,0,0,0,0
-0.533,-0.34,-0.25,0,1,0,0,0,1,0,0,0,0,0,0,0,0,1,0,0,0,0
0.0,1.523,2.0,0,1,0,1,1,0,0,0,0,0,1,0,0,0,0,0,0,0,0
2.067,-0.349,-0.417,0,1,0,0,1,0,1,0,0,1,0,0,0,0,0,1,0,0,0
-0.267,1.634,0.5,0,0,1,1,0,0,0,0,0,0,0,1,0,0,0,0,0,0,0
1.0,-0.221,0.5,1,0,0,1,1,0,0,0,0,1,0,0,0,0,0,1,0,0,0
0.267,0.478,-0.5,1,0,0,1,1,0,0,0,0,1,0,0,0,1,0,0,0,0,0
0.067,-0.288,-0.25,1,0,0,1,1,0,1,0,0,1,0,0,0,0,0,1,0,0,0
-0.667,-0.147,0.0,1,0,0,1,0,1,0,0,0,0,0,0,0,0,0,1,0,0,0
-0.2,0.629,1.5,0,0,1,1,1,0,0,0,0,0,0,0,0,0,1,0,0,0,0
1.133,0.027,-0.5,0,1,0,1,1,0,0,0,0,1,0,1,0,0,0,0,0,0,0
-0.133,-0.224,-0.5,1,0,0,0,1,0,0,0,0,0,0,0,0,0,1,0,0,0,0
0.467,0.59,1.0,0,0,1,1,1,0,0,0,0,0,0,1,0,0,0,0,0,0,0
0.333,-0.581,-0.5,0,1,0,1,1,0,0,0,0,0,0,0,0,0,0,1,0,0,0
-0.667,-0.182,2.25,0,1,0,1,0,0,0,0,0,0,0,0,0,0,0,1,0,0,1
-0.4,0.866,2.25,0,1,0,1,1,0,1,0,0,1,0,1,0,0,0,0,0,0,0
